claim_id,policy_id,claim_date,claim_amount_eur,claim_status,fraud_flag,days_to_settle
CLM-000001,POL-000001,2024-09-23,951.49,Paid,False,
CLM-000002,POL-000006,2024-06-02,6792.81,Paid,False,66.0
CLM-000003,POL-000006,2023-03-20,2620.48,Paid,False,42.0
CLM-000004,POL-000006,2025-01-25,7080.19,Paid,False,35.0
CLM-000005,POL-000012,2025-07-06,575.82,Paid,False,70.0
CLM-000006,POL-000013,2024-12-31,7526.27,Paid,False,74.0
CLM-000007,POL-000019,2024-02-23,1168.52,Paid,False,25.0
CLM-000008,POL-000035,2024-10-18,1828.96,Paid,False,31.0
CLM-000009,POL-000040,2025-11-11,3243.15,Under Review,False,32.0
CLM-000010,POL-000043,2024-12-11,5703.96,Paid,False,60.0
CLM-000011,POL-000043,2023-07-22,7683.91,Paid,False,48.0
CLM-000012,POL-000046,2025-03-18,1502.37,Paid,False,
CLM-000013,POL-000047,2022-08-14,7168.84,Paid,False,23.0
CLM-000014,POL-000056,2025-07-03,12858.15,Paid,False,15.0
CLM-000015,POL-000058,2025-09-18,5191.47,Paid,True,69.0
CLM-000016,POL-000058,2025-12-30,14641.79,Paid,True,23.0
CLM-000017,POL-000058,2025-06-29,14170.92,Rejected,False,16.0
CLM-000018,POL-000069,2025-11-26,1823.57,Paid,False,69.0
CLM-000019,POL-000069,2025-07-02,406.26,Paid,False,90.0
CLM-000020,POL-000072,2023-10-29,8087.53,Paid,False,58.0
CLM-000021,POL-000079,2025-09-16,7951.39,Paid,False,62.0
CLM-000022,POL-000082,2025-05-10,3325.5,Paid,False,5.0
CLM-000023,POL-000086,2025-09-05,10179.42,Paid,False,65.0
CLM-000024,POL-000091,2024-05-07,2542.81,Under Review,False,60.0
CLM-000025,POL-000097,2023-06-13,1113.33,Paid,False,26.0
CLM-000026,POL-000110,2024-03-25,2016.46,Paid,False,24.0
CLM-000027,POL-000120,2025-05-28,695.74,Paid,False,9.0
CLM-000028,POL-000129,2025-11-22,6357.38,Paid,False,18.0
CLM-000029,POL-000147,2025-06-25,2859.74,Rejected,False,10.0
CLM-000030,POL-000151,2025-04-22,29354.03,Paid,False,59.0
CLM-000031,POL-000153,2025-05-04,5637.18,Paid,False,82.0
CLM-000032,POL-000163,2024-04-11,3447.06,Paid,False,70.0
CLM-000033,POL-000163,2025-10-13,2593.74,Paid,False,65.0
CLM-000034,POL-000164,2025-11-21,8831.6,Paid,False,41.0
CLM-000035,POL-000170,2024-12-07,2050.19,Paid,False,54.0
CLM-000036,POL-000174,2024-12-27,4495.67,Rejected,False,21.0
CLM-000037,POL-000178,2025-05-26,3010.92,Paid,False,27.0
CLM-000038,POL-000179,2025-05-20,649.94,Rejected,False,8.0
CLM-000039,POL-000183,2025-11-07,1403.35,Paid,False,72.0
CLM-000040,POL-000197,2025-03-03,3429.31,Paid,False,41.0
CLM-000041,POL-000200,2025-11-26,2624.55,Rejected,False,41.0
CLM-000042,POL-000200,2023-06-25,7754.33,Rejected,False,37.0
CLM-000043,POL-000204,2023-05-26,1592.97,Paid,False,73.0
CLM-000044,POL-000204,2023-06-05,1169.35,Paid,False,15.0
CLM-000045,POL-000204,2022-12-19,4841.98,Paid,False,23.0
CLM-000046,POL-000208,2023-09-03,5956.71,Paid,False,
CLM-000047,POL-000208,2024-05-29,915.01,Paid,True,30.0
CLM-000048,POL-000209,2025-08-24,6077.51,Paid,False,58.0
CLM-000049,POL-000212,2025-11-22,6544.36,Paid,False,38.0
CLM-000050,POL-000224,2023-09-24,531.72,Under Review,False,63.0
CLM-000051,POL-000232,2022-12-17,7636.92,Paid,False,12.0
CLM-000052,POL-000239,2024-08-07,1856.6,Rejected,False,62.0
CLM-000053,POL-000250,2025-10-17,3782.73,Paid,False,40.0
CLM-000054,POL-000251,2024-03-21,2529.3,Under Review,False,23.0
CLM-000055,POL-000253,2025-10-13,2534.4,Paid,False,57.0
CLM-000056,POL-000253,2025-04-27,3502.64,Paid,False,
CLM-000057,POL-000256,2024-06-05,3331.04,Under Review,False,84.0
CLM-000058,POL-000264,2025-06-11,4169.86,Paid,False,76.0
CLM-000059,POL-000276,2024-07-21,3616.52,Rejected,False,20.0
CLM-000060,POL-000283,2023-08-10,5470.95,Paid,False,9.0
CLM-000061,POL-000288,2024-07-17,974.16,Paid,False,88.0
CLM-000062,POL-000289,2024-11-05,1762.27,Paid,False,7.0
CLM-000063,POL-000290,2025-11-26,3468.17,Paid,False,
CLM-000064,POL-000290,2025-05-01,1818.09,Under Review,False,87.0
CLM-000065,POL-000290,2025-07-23,3496.48,Under Review,False,58.0
CLM-000066,POL-000292,2025-12-12,5708.29,Paid,False,8.0
CLM-000067,POL-000292,2025-11-27,5550.18,Paid,False,15.0
CLM-000068,POL-000304,2025-11-14,1622.07,Paid,False,30.0
CLM-000069,POL-000304,2025-08-26,2863.9,Paid,False,3.0
CLM-000070,POL-000305,2023-04-18,5496.4,Paid,False,53.0
CLM-000071,POL-000305,2023-06-12,7060.75,Rejected,False,18.0
CLM-000072,POL-000308,2025-05-29,2968.28,Under Review,False,11.0
CLM-000073,POL-000318,2024-05-27,3249.16,Rejected,False,8.0
CLM-000074,POL-000318,2024-08-19,3155.18,Paid,False,31.0
CLM-000075,POL-000319,2023-01-12,3156.81,Under Review,False,26.0
CLM-000076,POL-000326,2023-11-07,7407.8,Under Review,False,
CLM-000077,POL-000330,2025-03-15,157.41,Paid,False,19.0
CLM-000078,POL-000331,2025-10-23,7888.98,Paid,False,60.0
CLM-000079,POL-000335,2024-08-25,2651.34,Paid,False,50.0
CLM-000080,POL-000341,2024-07-29,6627.5,Paid,False,47.0
CLM-000081,POL-000347,2025-06-26,4645.21,Under Review,False,14.0
CLM-000082,POL-000347,2024-09-07,1910.3,Paid,False,81.0
CLM-000083,POL-000348,2025-01-03,434.44,Paid,False,10.0
CLM-000084,POL-000360,2025-11-11,6027.04,Paid,False,29.0
CLM-000085,POL-000364,2022-11-11,758.3,Rejected,False,27.0
CLM-000086,POL-000366,2025-01-14,1625.0,Paid,False,22.0
CLM-000087,POL-000375,2025-02-11,1734.97,Paid,False,5.0
CLM-000088,POL-000375,2025-07-30,2532.42,Paid,False,23.0
CLM-000089,POL-000378,2025-03-11,7465.3,Paid,False,
CLM-000090,POL-000435,2025-08-26,911.49,Paid,False,77.0
CLM-000091,POL-000435,2024-10-09,549.87,Paid,False,17.0
CLM-000092,POL-000435,2025-10-03,1006.86,Paid,False,28.0
CLM-000093,POL-000436,2025-07-24,2782.54,Paid,False,72.0
CLM-000094,POL-000436,2024-04-11,2437.05,Paid,False,24.0
CLM-000095,POL-000441,2024-11-23,2877.37,Under Review,False,80.0
CLM-000096,POL-000444,2025-11-07,3471.03,Rejected,False,42.0
CLM-000097,POL-000456,2024-08-31,1029.24,Paid,False,49.0
CLM-000098,POL-000456,2024-04-09,1820.18,Paid,False,3.0
CLM-000099,POL-000461,2024-03-03,7797.26,Paid,False,82.0
CLM-000100,POL-000468,2024-10-16,3244.88,Paid,False,62.0
CLM-000101,POL-000472,2025-12-24,2643.7,Paid,False,43.0
CLM-000102,POL-000472,2025-11-16,4202.87,Paid,False,59.0
CLM-000103,POL-000474,2025-09-21,2912.0,Paid,False,43.0
CLM-000104,POL-000477,2024-03-02,2842.65,Paid,False,25.0
CLM-000105,POL-000495,2024-05-26,2093.87,Under Review,False,48.0
CLM-000106,POL-000499,2025-11-23,3243.86,Paid,False,12.0
CLM-000107,POL-000499,2025-11-19,3044.3,Rejected,False,74.0
CLM-000108,POL-000505,2025-05-05,1467.13,Paid,False,9.0
CLM-000109,POL-000509,2025-06-03,2935.15,Under Review,False,
CLM-000110,POL-000510,2024-03-03,4438.86,Paid,False,26.0
CLM-000111,POL-000514,2025-05-15,1698.17,Paid,False,40.0
CLM-000112,POL-000515,2024-06-01,6978.77,Paid,False,60.0
CLM-000113,POL-000516,2024-10-28,1399.61,Paid,False,75.0
CLM-000114,POL-000522,2023-11-24,3327.79,Paid,False,63.0
CLM-000115,POL-000524,2025-08-07,12409.68,Paid,False,15.0
CLM-000116,POL-000524,2025-09-15,15300.69,Paid,False,36.0
CLM-000117,POL-000530,2025-01-12,3150.49,Paid,False,
CLM-000118,POL-000560,2025-10-23,44129.48,Paid,False,
CLM-000119,POL-000564,2025-04-10,1125.73,Paid,False,5.0
CLM-000120,POL-000569,2025-07-11,554.13,Paid,False,27.0
CLM-000121,POL-000569,2024-09-07,2110.92,Rejected,False,58.0
CLM-000122,POL-000573,2025-04-30,907.08,Paid,False,16.0
CLM-000123,POL-000574,2023-11-08,7035.44,Paid,False,84.0
CLM-000124,POL-000574,2024-02-01,3985.08,Rejected,False,81.0
CLM-000125,POL-000578,2025-04-02,17462.25,Paid,False,68.0
CLM-000126,POL-000580,2023-03-15,7702.21,Under Review,False,65.0
CLM-000127,POL-000594,2025-04-03,35658.11,Paid,False,36.0
CLM-000128,POL-000597,2022-12-15,14658.79,Paid,False,17.0
CLM-000129,POL-000603,2023-11-16,4626.81,Paid,True,
CLM-000130,POL-000604,2025-02-26,6746.58,Paid,False,
CLM-000131,POL-000608,2024-02-03,3993.09,Paid,False,3.0
CLM-000132,POL-000613,2024-04-05,6287.57,Paid,False,20.0
CLM-000133,POL-000614,2025-12-28,365.41,Paid,False,14.0
CLM-000134,POL-000615,2024-06-08,20026.44,Rejected,False,70.0
CLM-000135,POL-000615,2025-06-19,46985.36,Paid,False,
CLM-000136,POL-000617,2024-03-17,6860.05,Under Review,True,69.0
CLM-000137,POL-000633,2024-09-21,10364.58,Paid,False,
CLM-000138,POL-000634,2025-05-27,1926.23,Under Review,False,12.0
CLM-000139,POL-000634,2025-07-16,5532.02,Paid,False,63.0
CLM-000140,POL-000636,2024-06-16,6427.07,Paid,False,61.0
CLM-000141,POL-000643,2025-04-22,5470.65,Paid,False,
CLM-000142,POL-000644,2024-06-02,4167.88,Under Review,False,78.0
CLM-000143,POL-000650,2025-09-28,3394.13,Rejected,False,9.0
CLM-000144,POL-000654,2025-10-05,17641.64,Paid,False,87.0
CLM-000145,POL-000654,2025-09-18,12520.65,Rejected,False,50.0
CLM-000146,POL-000669,2025-10-01,3968.58,Rejected,False,29.0
CLM-000147,POL-000669,2025-04-12,616.26,Under Review,False,58.0
CLM-000148,POL-000670,2024-08-06,5507.79,Paid,False,64.0
CLM-000149,POL-000674,2024-07-09,719.94,Rejected,False,53.0
CLM-000150,POL-000674,2023-01-19,2262.12,Under Review,False,67.0
CLM-000151,POL-000688,2024-11-07,4035.59,Paid,False,71.0
CLM-000152,POL-000688,2025-07-22,3563.87,Rejected,False,56.0
CLM-000153,POL-000689,2023-09-10,6909.27,Rejected,False,40.0
CLM-000154,POL-000691,2023-08-05,1097.18,Paid,False,39.0
CLM-000155,POL-000691,2022-12-02,4100.52,Paid,False,5.0
CLM-000156,POL-000696,2025-03-22,3635.22,Paid,False,89.0
CLM-000157,POL-000706,2025-11-24,796.19,Paid,False,21.0
CLM-000158,POL-000706,2025-08-03,1542.78,Paid,False,
CLM-000159,POL-000723,2024-07-05,13004.38,Paid,False,37.0
CLM-000160,POL-000723,2025-11-30,1679.63,Paid,False,
CLM-000161,POL-000729,2025-08-19,809.58,Paid,False,10.0
CLM-000162,POL-000743,2024-02-08,1418.97,Paid,False,55.0
CLM-000163,POL-000746,2024-08-29,6807.6,Under Review,False,52.0
CLM-000164,POL-000757,2025-12-31,40039.61,Paid,False,24.0
CLM-000165,POL-000759,2024-12-17,3272.5,Paid,True,90.0
CLM-000166,POL-000759,2022-12-04,4752.42,Under Review,False,14.0
CLM-000167,POL-000761,2025-04-09,4761.85,Paid,False,52.0
CLM-000168,POL-000761,2025-03-21,2671.94,Paid,True,
CLM-000169,POL-000764,2024-12-04,6590.18,Paid,False,12.0
CLM-000170,POL-000765,2024-01-21,2565.29,Paid,False,15.0
CLM-000171,POL-000771,2025-09-20,887.71,Rejected,False,82.0
CLM-000172,POL-000772,2023-12-05,4552.0,Paid,False,33.0
CLM-000173,POL-000789,2024-08-28,3211.54,Paid,True,80.0
CLM-000174,POL-000798,2025-10-05,4295.26,Paid,False,22.0
CLM-000175,POL-000802,2025-08-03,5769.02,Paid,False,12.0
CLM-000176,POL-000802,2023-07-22,1092.61,Paid,False,47.0
CLM-000177,POL-000806,2023-04-10,5982.39,Paid,False,15.0
CLM-000178,POL-000810,2024-06-12,1800.37,Paid,False,56.0
CLM-000179,POL-000813,2024-05-04,13493.14,Paid,False,83.0
CLM-000180,POL-000814,2023-01-10,980.69,Paid,False,76.0
CLM-000181,POL-000817,2025-09-29,2714.43,Paid,False,
CLM-000182,POL-000817,2024-07-27,1009.45,Paid,False,80.0
CLM-000183,POL-000817,2025-12-20,4248.42,Rejected,False,
CLM-000184,POL-000818,2025-07-12,10202.82,Paid,False,67.0
CLM-000185,POL-000818,2025-11-18,8556.93,Paid,False,85.0
CLM-000186,POL-000818,2025-07-21,22817.91,Paid,False,67.0
CLM-000187,POL-000820,2025-11-07,1907.61,Paid,False,78.0
CLM-000188,POL-000822,2025-06-08,2592.87,Paid,False,36.0
CLM-000189,POL-000823,2025-05-30,5386.24,Paid,False,51.0
CLM-000190,POL-000824,2024-07-18,614.74,Rejected,False,63.0
CLM-000191,POL-000825,2022-11-01,2680.29,Under Review,False,21.0
CLM-000192,POL-000832,2025-08-25,3340.18,Rejected,False,54.0
CLM-000193,POL-000833,2025-10-09,5011.68,Under Review,False,68.0
CLM-000194,POL-000837,2023-06-01,6329.72,Paid,False,46.0
CLM-000195,POL-000843,2023-04-25,7293.92,Paid,False,10.0
CLM-000196,POL-000845,2025-12-06,8794.12,Under Review,False,14.0
CLM-000197,POL-000845,2025-04-27,5599.16,Paid,False,37.0
CLM-000198,POL-000847,2024-11-01,8735.4,Paid,False,35.0
CLM-000199,POL-000850,2025-01-20,6679.56,Rejected,False,4.0
CLM-000200,POL-000855,2025-10-25,4863.2,Paid,False,41.0
CLM-000201,POL-000856,2025-07-27,541.21,Paid,False,39.0
CLM-000202,POL-000856,2025-11-05,5398.98,Paid,False,71.0
CLM-000203,POL-000856,2024-08-27,4167.65,Rejected,False,69.0
CLM-000204,POL-000859,2025-06-07,4947.89,Paid,False,77.0
CLM-000205,POL-000864,2025-05-14,6715.65,Under Review,False,
CLM-000206,POL-000869,2022-08-08,4706.38,Paid,False,6.0
CLM-000207,POL-000869,2023-03-08,5681.61,Paid,False,40.0
CLM-000208,POL-000887,2024-04-01,1329.85,Rejected,False,22.0
CLM-000209,POL-000904,2023-07-03,1086.23,Under Review,False,24.0
CLM-000210,POL-000918,2025-05-25,5315.15,Rejected,False,27.0
CLM-000211,POL-000924,2025-04-07,5709.52,Rejected,False,32.0
CLM-000212,POL-000936,2025-05-18,1243.93,Under Review,False,60.0
CLM-000213,POL-000946,2025-04-17,1570.26,Paid,False,45.0
CLM-000214,POL-000956,2023-03-04,2303.69,Under Review,False,55.0
CLM-000215,POL-000960,2025-11-17,6115.55,Paid,False,67.0
CLM-000216,POL-000960,2025-07-31,3833.36,Under Review,False,67.0
CLM-000217,POL-000964,2024-08-10,7821.61,Paid,False,69.0
CLM-000218,POL-000968,2025-08-02,1510.06,Paid,False,59.0
CLM-000219,POL-000972,2024-03-18,3353.45,Under Review,False,66.0
CLM-000220,POL-000994,2025-12-09,1851.03,Rejected,False,51.0
CLM-000221,POL-000995,2024-06-06,4061.68,Under Review,False,27.0
CLM-000222,POL-001001,2023-12-21,2323.07,Paid,False,87.0
CLM-000223,POL-001002,2023-01-05,6115.43,Paid,False,39.0
CLM-000224,POL-001004,2025-10-07,4477.29,Paid,False,31.0
CLM-000225,POL-001023,2025-11-28,6435.04,Rejected,False,31.0
CLM-000226,POL-001031,2024-09-29,7036.05,Rejected,False,84.0
CLM-000227,POL-001034,2023-10-31,3127.37,Paid,False,13.0
CLM-000228,POL-001040,2024-06-13,1950.39,Paid,True,21.0
CLM-000229,POL-001051,2023-10-19,3029.71,Paid,False,78.0
CLM-000230,POL-001051,2023-09-24,1145.73,Rejected,False,
CLM-000231,POL-001055,2025-06-05,1831.81,Rejected,False,38.0
CLM-000232,POL-001058,2025-03-22,4270.4,Paid,False,24.0
CLM-000233,POL-001061,2024-10-02,1366.32,Under Review,False,18.0
CLM-000234,POL-001073,2024-12-16,484.58,Under Review,False,53.0
CLM-000235,POL-001073,2025-12-15,461.88,Paid,False,77.0
CLM-000236,POL-001077,2025-08-14,26613.08,Paid,False,87.0
CLM-000237,POL-001077,2025-12-17,7173.69,Paid,False,44.0
CLM-000238,POL-001089,2022-11-27,4918.86,Under Review,False,16.0
CLM-000239,POL-001096,2025-07-28,2622.05,Paid,False,41.0
CLM-000240,POL-001106,2025-05-01,2214.12,Paid,False,58.0
CLM-000241,POL-001106,2025-10-23,636.04,Paid,False,61.0
CLM-000242,POL-001117,2024-09-05,1639.67,Under Review,False,81.0
CLM-000243,POL-001119,2024-07-27,1136.6,Under Review,True,44.0
CLM-000244,POL-001121,2024-01-16,2752.17,Paid,False,
CLM-000245,POL-001123,2025-05-23,3926.5,Under Review,False,17.0
CLM-000246,POL-001129,2025-05-02,4527.67,Paid,False,
CLM-000247,POL-001129,2025-09-13,6102.06,Paid,False,87.0
CLM-000248,POL-001130,2023-05-20,1162.11,Rejected,False,46.0
CLM-000249,POL-001130,2024-07-05,4339.54,Paid,False,
CLM-000250,POL-001134,2024-09-06,4574.59,Paid,False,
CLM-000251,POL-001144,2024-03-26,2093.41,Paid,False,41.0
CLM-000252,POL-001146,2025-09-24,794.77,Paid,False,29.0
CLM-000253,POL-001147,2023-02-23,3197.19,Paid,False,8.0
CLM-000254,POL-001153,2024-06-01,2989.29,Paid,False,49.0
CLM-000255,POL-001153,2024-06-28,4837.86,Paid,False,80.0
CLM-000256,POL-001172,2025-09-08,2001.75,Rejected,False,76.0
CLM-000257,POL-001172,2025-01-04,7461.0,Under Review,False,26.0
CLM-000258,POL-001187,2025-08-14,11264.73,Paid,False,
CLM-000259,POL-001187,2025-08-27,17517.68,Paid,False,11.0
CLM-000260,POL-001189,2025-05-03,6722.19,Under Review,False,
CLM-000261,POL-001195,2024-10-21,7019.92,Rejected,False,23.0
CLM-000262,POL-001197,2025-01-17,1604.12,Paid,False,50.0
CLM-000263,POL-001202,2025-10-29,2645.09,Paid,False,8.0
CLM-000264,POL-001202,2022-06-16,3047.9,Paid,False,83.0
CLM-000265,POL-001208,2024-08-15,7815.43,Under Review,False,21.0
CLM-000266,POL-001210,2025-07-27,6571.07,Paid,False,15.0
CLM-000267,POL-001225,2023-07-19,432.18,Rejected,False,52.0
CLM-000268,POL-001234,2024-12-25,7372.74,Paid,False,26.0
CLM-000269,POL-001241,2025-06-28,872.97,Paid,False,17.0
CLM-000270,POL-001249,2024-08-06,677.74,Paid,False,15.0
CLM-000271,POL-001258,2025-08-10,3384.99,Paid,False,66.0
CLM-000272,POL-001272,2025-09-05,3476.02,Paid,False,83.0
CLM-000273,POL-001273,2025-08-08,2100.19,Under Review,False,56.0
CLM-000274,POL-001276,2025-02-19,4205.41,Paid,False,23.0
CLM-000275,POL-001290,2025-12-24,1588.8,Under Review,False,19.0
CLM-000276,POL-001299,2024-04-25,3861.07,Paid,False,15.0
CLM-000277,POL-001302,2025-09-16,7379.01,Rejected,False,34.0
CLM-000278,POL-001305,2023-04-06,2080.3,Paid,False,56.0
CLM-000279,POL-001307,2024-11-27,6667.87,Rejected,False,
CLM-000280,POL-001309,2025-08-22,3986.9,Paid,False,26.0
CLM-000281,POL-001309,2025-04-27,17900.85,Paid,False,76.0
CLM-000282,POL-001310,2023-05-29,6802.56,Paid,True,59.0
CLM-000283,POL-001313,2022-11-04,7492.59,Paid,False,52.0
CLM-000284,POL-001314,2025-08-13,11628.74,Paid,False,53.0
CLM-000285,POL-001323,2025-05-29,27201.89,Paid,True,
CLM-000286,POL-001326,2025-11-05,5567.57,Paid,False,35.0
CLM-000287,POL-001331,2025-02-18,906.52,Paid,False,61.0
CLM-000288,POL-001346,2024-03-18,7707.66,Paid,False,12.0
CLM-000289,POL-001346,2024-10-24,5721.06,Paid,False,40.0
CLM-000290,POL-001346,2025-01-25,5973.82,Paid,False,48.0
CLM-000291,POL-001349,2023-09-10,6713.75,Paid,False,61.0
CLM-000292,POL-001360,2025-10-12,4069.02,Paid,False,
CLM-000293,POL-001360,2025-12-26,1242.4,Under Review,False,81.0
CLM-000294,POL-001361,2024-01-08,3478.89,Paid,False,33.0
CLM-000295,POL-001365,2024-12-02,4104.28,Rejected,False,71.0
CLM-000296,POL-001365,2025-03-17,419.8,Paid,False,20.0
CLM-000297,POL-001369,2025-06-21,3212.36,Paid,False,32.0
CLM-000298,POL-001372,2024-05-22,2291.41,Paid,False,
CLM-000299,POL-001378,2025-12-26,7317.36,Paid,False,49.0
CLM-000300,POL-001388,2024-08-24,543.55,Paid,False,89.0
CLM-000301,POL-001389,2024-03-02,5607.42,Paid,False,
CLM-000302,POL-001400,2025-12-11,2651.38,Paid,False,81.0
CLM-000303,POL-001403,2023-12-26,2618.09,Paid,False,15.0
CLM-000304,POL-001408,2023-11-21,954.49,Paid,False,51.0
CLM-000305,POL-001412,2025-10-20,6049.2,Paid,False,64.0
CLM-000306,POL-001417,2025-01-19,3381.3,Paid,False,60.0
CLM-000307,POL-001417,2025-09-15,1449.73,Under Review,False,87.0
CLM-000308,POL-001427,2025-02-28,3190.89,Under Review,False,25.0
CLM-000309,POL-001427,2024-09-29,757.12,Under Review,False,
CLM-000310,POL-001427,2025-04-06,5613.9,Rejected,False,36.0
CLM-000311,POL-001430,2025-02-28,4359.88,Rejected,False,6.0
CLM-000312,POL-001430,2025-12-30,3962.4,Under Review,False,32.0
CLM-000313,POL-001442,2022-12-31,4883.85,Under Review,False,45.0
CLM-000314,POL-001449,2025-08-21,6344.95,Under Review,False,49.0
CLM-000315,POL-001452,2025-07-23,6404.74,Under Review,False,66.0
CLM-000316,POL-001452,2025-08-22,709.52,Rejected,False,86.0
CLM-000317,POL-001455,2024-12-25,5607.46,Paid,False,77.0
CLM-000318,POL-001456,2024-12-14,1816.52,Paid,False,74.0
CLM-000319,POL-001456,2024-07-30,2367.62,Paid,False,28.0
CLM-000320,POL-001456,2022-08-13,6288.09,Paid,False,69.0
CLM-000321,POL-001463,2025-06-17,5972.44,Paid,False,73.0
CLM-000322,POL-001463,2025-12-14,3839.55,Under Review,False,18.0
CLM-000323,POL-001463,2025-01-18,2884.44,Under Review,False,25.0
CLM-000324,POL-001467,2024-02-24,7296.49,Paid,False,56.0
CLM-000325,POL-001467,2024-02-18,6840.42,Paid,False,61.0
CLM-000326,POL-001478,2024-06-04,4066.95,Paid,False,36.0
CLM-000327,POL-001480,2025-05-15,372.19,Paid,False,64.0
CLM-000328,POL-001487,2024-11-18,3218.39,Paid,False,4.0
CLM-000329,POL-001487,2024-11-29,811.06,Paid,False,34.0
CLM-000330,POL-001492,2025-09-26,4119.7,Paid,False,15.0
CLM-000331,POL-001493,2023-05-10,1302.18,Rejected,False,60.0
CLM-000332,POL-001497,2025-12-15,7938.68,Rejected,False,17.0
CLM-000333,POL-001500,2022-06-02,4913.79,Paid,False,68.0
CLM-000334,POL-001500,2024-05-06,7091.69,Paid,False,75.0
CLM-000335,POL-001507,2023-08-28,1602.89,Paid,False,31.0
CLM-000336,POL-001514,2025-09-15,861.88,Rejected,False,73.0
CLM-000337,POL-001530,2024-12-13,3497.31,Paid,False,42.0
CLM-000338,POL-001541,2024-11-30,2162.37,Paid,False,10.0
CLM-000339,POL-001556,2025-06-16,6685.12,Under Review,False,
CLM-000340,POL-001556,2024-06-09,495.77,Paid,False,60.0
CLM-000341,POL-001556,2024-01-18,670.49,Paid,False,57.0
CLM-000342,POL-001560,2025-03-15,6371.12,Paid,False,40.0
CLM-000343,POL-001567,2025-05-23,7418.56,Under Review,False,84.0
CLM-000344,POL-001572,2023-06-12,488.58,Under Review,False,50.0
CLM-000345,POL-001572,2025-04-27,3980.99,Under Review,False,67.0
CLM-000346,POL-001600,2025-06-03,4880.86,Paid,False,33.0
CLM-000347,POL-001603,2024-11-15,5323.82,Paid,False,
CLM-000348,POL-001608,2023-05-09,6696.52,Paid,False,76.0
CLM-000349,POL-001610,2025-11-16,1612.62,Paid,False,10.0
CLM-000350,POL-001611,2025-02-18,7402.95,Under Review,False,11.0
CLM-000351,POL-001616,2024-11-02,2271.86,Paid,False,27.0
CLM-000352,POL-001616,2024-10-05,3451.09,Under Review,False,38.0
CLM-000353,POL-001621,2025-05-15,7112.19,Paid,False,82.0
CLM-000354,POL-001621,2024-09-09,3462.39,Under Review,False,9.0
CLM-000355,POL-001626,2025-10-18,2894.31,Paid,False,67.0
CLM-000356,POL-001626,2025-02-23,3498.71,Paid,False,28.0
CLM-000357,POL-001627,2024-06-08,5625.71,Paid,False,27.0
CLM-000358,POL-001627,2024-03-15,7438.83,Paid,False,39.0
CLM-000359,POL-001632,2024-08-12,5610.1,Paid,False,17.0
CLM-000360,POL-001637,2025-06-09,4607.61,Rejected,False,61.0
CLM-000361,POL-001642,2025-12-10,6080.7,Paid,False,41.0
CLM-000362,POL-001642,2024-09-19,6151.82,Paid,False,28.0
CLM-000363,POL-001645,2024-08-26,264.61,Rejected,False,81.0
CLM-000364,POL-001648,2025-01-03,6973.65,Paid,False,56.0
CLM-000365,POL-001651,2025-04-23,7355.67,Rejected,True,41.0
CLM-000366,POL-001651,2025-01-30,4185.61,Paid,False,62.0
CLM-000367,POL-001652,2023-10-20,1662.97,Under Review,False,47.0
CLM-000368,POL-001652,2023-10-13,3827.73,Paid,False,18.0
CLM-000369,POL-001663,2023-06-26,6301.55,Paid,False,33.0
CLM-000370,POL-001666,2025-09-23,4081.95,Under Review,True,67.0
CLM-000371,POL-001672,2024-09-19,7924.29,Paid,False,66.0
CLM-000372,POL-001680,2024-05-08,2454.41,Paid,False,65.0
CLM-000373,POL-001687,2025-03-07,2476.36,Rejected,True,45.0
CLM-000374,POL-001693,2025-10-02,3151.15,Rejected,False,
CLM-000375,POL-001703,2025-09-09,4639.09,Paid,False,30.0
CLM-000376,POL-001704,2023-06-14,6844.44,Paid,False,11.0
CLM-000377,POL-001706,2025-01-31,5641.68,Paid,False,52.0
CLM-000378,POL-001710,2025-05-10,2316.31,Rejected,False,73.0
CLM-000379,POL-001718,2025-11-17,4555.94,Paid,False,9.0
CLM-000380,POL-001728,2023-09-03,6751.1,Rejected,False,23.0
CLM-000381,POL-001728,2023-06-29,565.27,Paid,False,57.0
CLM-000382,POL-001737,2025-02-16,5731.05,Paid,False,68.0
CLM-000383,POL-001739,2025-03-29,6157.64,Rejected,False,74.0
CLM-000384,POL-001740,2022-06-07,6563.52,Paid,False,43.0
CLM-000385,POL-001754,2025-11-08,2073.42,Paid,False,
CLM-000386,POL-001754,2024-12-25,5226.74,Paid,False,34.0
CLM-000387,POL-001764,2025-04-28,11447.04,Rejected,False,56.0
CLM-000388,POL-001766,2025-12-14,468.71,Paid,False,45.0
CLM-000389,POL-001773,2025-11-25,2255.93,Paid,False,
CLM-000390,POL-001776,2025-08-18,1606.25,Under Review,False,88.0
CLM-000391,POL-001778,2025-07-02,2580.09,Rejected,False,24.0
CLM-000392,POL-001786,2025-12-07,334.2,Paid,False,78.0
CLM-000393,POL-001793,2025-07-08,676.57,Paid,False,18.0
CLM-000394,POL-001797,2025-07-31,4622.12,Paid,False,46.0
CLM-000395,POL-001799,2024-11-25,3953.53,Under Review,False,41.0
CLM-000396,POL-001799,2025-12-21,6991.57,Paid,False,
CLM-000397,POL-001799,2024-12-07,6214.24,Under Review,False,42.0
CLM-000398,POL-001801,2025-08-06,42978.39,Paid,False,56.0
CLM-000399,POL-001806,2025-03-24,2468.04,Paid,False,50.0
CLM-000400,POL-001810,2024-10-21,1751.63,Under Review,False,62.0
CLM-000401,POL-001810,2022-09-04,450.9,Paid,False,39.0
CLM-000402,POL-001811,2023-04-30,2299.14,Under Review,False,32.0
CLM-000403,POL-001815,2025-07-27,9886.34,Paid,True,74.0
CLM-000404,POL-001817,2025-04-06,4997.53,Paid,False,62.0
CLM-000405,POL-001822,2025-07-26,7440.99,Paid,False,80.0
CLM-000406,POL-001823,2025-09-18,1726.59,Paid,False,77.0
CLM-000407,POL-001823,2025-11-20,1217.3,Paid,False,27.0
CLM-000408,POL-001823,2025-07-19,7347.35,Paid,False,43.0
CLM-000409,POL-001832,2024-05-16,1936.86,Rejected,False,53.0
CLM-000410,POL-001832,2022-06-07,345.79,Paid,False,89.0
CLM-000411,POL-001835,2024-12-27,1729.68,Paid,False,85.0
CLM-000412,POL-001837,2024-08-06,844.09,Rejected,False,21.0
CLM-000413,POL-001840,2025-11-27,422.78,Under Review,False,84.0
CLM-000414,POL-001849,2025-08-06,2049.63,Under Review,False,50.0
CLM-000415,POL-001861,2024-09-02,3735.08,Paid,False,66.0
CLM-000416,POL-001869,2024-10-08,6555.05,Paid,False,23.0
CLM-000417,POL-001875,2024-02-06,6030.49,Paid,False,
CLM-000418,POL-001882,2025-02-06,3208.27,Paid,False,44.0
CLM-000419,POL-001885,2025-03-29,2350.55,Under Review,False,71.0
CLM-000420,POL-001886,2022-09-12,1022.32,Paid,True,16.0
CLM-000421,POL-001886,2024-03-04,6534.04,Under Review,False,
CLM-000422,POL-001886,2024-10-09,5607.91,Paid,False,89.0
CLM-000423,POL-001897,2025-09-07,7530.1,Rejected,False,77.0
CLM-000424,POL-001902,2025-08-07,513.1,Under Review,True,13.0
CLM-000425,POL-001905,2023-12-12,1255.4,Under Review,False,
CLM-000426,POL-001920,2025-05-08,2995.3,Paid,False,10.0
CLM-000427,POL-001923,2023-11-27,5031.65,Paid,False,56.0
CLM-000428,POL-001924,2024-04-15,6359.26,Paid,False,42.0
CLM-000429,POL-001926,2025-12-20,1898.48,Under Review,False,13.0
CLM-000430,POL-001926,2023-05-21,1862.59,Paid,False,51.0
CLM-000431,POL-001928,2025-07-08,4821.92,Rejected,False,71.0
CLM-000432,POL-001931,2024-07-07,3954.43,Paid,False,45.0
CLM-000433,POL-001934,2024-11-12,2813.33,Paid,False,80.0
CLM-000434,POL-001937,2024-12-03,3496.85,Rejected,False,71.0
CLM-000435,POL-001941,2023-01-06,569.27,Under Review,False,49.0
CLM-000436,POL-001941,2023-07-21,1002.96,Paid,False,72.0
CLM-000437,POL-001945,2025-11-03,1288.73,Paid,True,58.0
CLM-000438,POL-001949,2024-05-25,11635.89,Paid,False,30.0
CLM-000439,POL-001954,2024-06-07,4167.48,Rejected,False,41.0
CLM-000440,POL-001965,2024-12-20,7679.44,Paid,False,34.0
CLM-000441,POL-001972,2025-08-06,4212.9,Paid,False,25.0
CLM-000442,POL-001987,2024-10-29,4158.8,Paid,False,65.0
CLM-000443,POL-001991,2025-12-31,7299.72,Paid,False,58.0
CLM-000444,POL-001996,2022-10-30,7390.14,Paid,False,17.0
CLM-000445,POL-002003,2025-11-15,1830.0,Under Review,False,66.0
CLM-000446,POL-002004,2024-06-15,5929.87,Paid,False,44.0
CLM-000447,POL-002007,2025-12-13,3967.5,Paid,False,14.0
CLM-000448,POL-002009,2022-07-11,1425.15,Paid,False,84.0
CLM-000449,POL-002015,2025-07-04,4715.81,Paid,False,46.0
CLM-000450,POL-002017,2024-12-22,2476.55,Paid,False,42.0
CLM-000451,POL-002019,2025-11-27,2646.13,Rejected,False,
CLM-000452,POL-002019,2025-01-27,4366.41,Rejected,False,8.0
CLM-000453,POL-002026,2023-07-13,622.8,Paid,False,90.0
CLM-000454,POL-002028,2024-11-22,1140.83,Paid,False,42.0
CLM-000455,POL-002029,2023-09-18,3362.07,Under Review,False,81.0
CLM-000456,POL-002030,2022-10-31,2246.98,Rejected,False,
CLM-000457,POL-002032,2024-03-24,3152.49,Paid,False,73.0
CLM-000458,POL-002033,2022-11-09,656.87,Paid,False,
CLM-000459,POL-002041,2025-09-19,1680.01,Paid,False,89.0
CLM-000460,POL-002041,2025-01-25,5976.54,Paid,False,86.0
CLM-000461,POL-002043,2025-06-29,2315.4,Paid,False,83.0
CLM-000462,POL-002045,2024-10-26,5419.85,Under Review,False,30.0
CLM-000463,POL-002048,2023-12-30,2478.13,Rejected,False,20.0
CLM-000464,POL-002063,2025-10-12,2910.41,Paid,False,48.0
CLM-000465,POL-002066,2024-08-04,6631.06,Paid,False,13.0
CLM-000466,POL-002069,2025-05-08,4764.73,Paid,False,87.0
CLM-000467,POL-002069,2023-08-31,2527.77,Paid,False,31.0
CLM-000468,POL-002076,2025-07-11,2731.31,Paid,False,
CLM-000469,POL-002077,2023-12-10,2196.87,Paid,False,13.0
CLM-000470,POL-002077,2024-07-01,3297.08,Rejected,False,39.0
CLM-000471,POL-002077,2024-06-26,2606.13,Under Review,False,62.0
CLM-000472,POL-002111,2024-08-14,508.7,Paid,False,14.0
CLM-000473,POL-002111,2025-02-08,1958.69,Rejected,False,49.0
CLM-000474,POL-002116,2025-04-30,1273.02,Paid,False,34.0
CLM-000475,POL-002126,2025-10-22,2136.7,Under Review,False,83.0
CLM-000476,POL-002137,2025-03-06,205.25,Paid,False,72.0
CLM-000477,POL-002152,2025-10-21,1172.4,Paid,False,4.0
CLM-000478,POL-002154,2025-09-10,3205.17,Paid,False,67.0
CLM-000479,POL-002156,2025-10-31,5419.09,Under Review,False,4.0
CLM-000480,POL-002171,2024-12-12,2976.06,Paid,False,88.0
CLM-000481,POL-002183,2025-02-16,199.5,Paid,False,56.0
CLM-000482,POL-002185,2025-12-13,9319.32,Paid,False,27.0
CLM-000483,POL-002185,2025-12-31,1915.19,Paid,False,18.0
CLM-000484,POL-002193,2023-02-22,2237.58,Under Review,True,23.0
CLM-000485,POL-002196,2025-01-29,1346.57,Paid,True,82.0
CLM-000486,POL-002196,2025-06-23,1526.93,Paid,False,29.0
CLM-000487,POL-002199,2025-07-03,6613.61,Paid,False,15.0
CLM-000488,POL-002200,2025-03-20,4382.14,Paid,False,41.0
CLM-000489,POL-002203,2023-09-15,5717.26,Paid,False,89.0
CLM-000490,POL-002209,2025-03-04,2938.96,Rejected,False,83.0
CLM-000491,POL-002224,2024-12-27,6627.94,Paid,False,8.0
CLM-000492,POL-002224,2025-12-24,5432.16,Rejected,False,68.0
CLM-000493,POL-002234,2022-10-30,7469.11,Paid,False,52.0
CLM-000494,POL-002236,2025-09-11,4001.76,Rejected,False,64.0
CLM-000495,POL-002236,2025-01-23,10041.86,Paid,False,59.0
CLM-000496,POL-002238,2025-07-14,6386.62,Paid,False,
CLM-000497,POL-002244,2025-07-10,5549.58,Under Review,False,70.0
CLM-000498,POL-002246,2024-01-07,5389.94,Paid,False,21.0
CLM-000499,POL-002246,2024-10-15,2695.99,Paid,True,21.0
CLM-000500,POL-002247,2022-02-05,3160.92,Rejected,False,60.0
CLM-000501,POL-002247,2024-06-05,495.48,Paid,False,48.0
CLM-000502,POL-002252,2024-12-05,935.59,Rejected,False,28.0
CLM-000503,POL-002252,2023-05-02,983.92,Paid,False,58.0
CLM-000504,POL-002252,2023-03-30,2714.88,Rejected,False,74.0
CLM-000505,POL-002257,2025-05-19,2372.55,Paid,False,38.0
CLM-000506,POL-002273,2025-05-08,7649.74,Under Review,False,55.0
CLM-000507,POL-002279,2024-02-12,3955.38,Paid,False,74.0
CLM-000508,POL-002279,2023-04-27,710.36,Paid,False,34.0
CLM-000509,POL-002295,2025-07-03,5235.4,Rejected,False,20.0
CLM-000510,POL-002300,2025-02-07,823.6,Paid,False,28.0
CLM-000511,POL-002300,2025-02-07,4157.82,Paid,False,
CLM-000512,POL-002301,2024-05-19,759.74,Paid,False,34.0
CLM-000513,POL-002301,2025-07-13,2536.07,Paid,False,46.0
CLM-000514,POL-002302,2025-07-07,2045.87,Paid,False,52.0
CLM-000515,POL-002306,2025-09-26,809.21,Under Review,False,58.0
CLM-000516,POL-002306,2025-03-03,5236.47,Under Review,False,56.0
CLM-000517,POL-002309,2025-02-07,2826.04,Under Review,False,64.0
CLM-000518,POL-002309,2023-01-24,2471.55,Paid,False,49.0
CLM-000519,POL-002317,2024-10-28,6469.24,Paid,False,29.0
CLM-000520,POL-002324,2025-06-23,6718.2,Under Review,False,86.0
CLM-000521,POL-002324,2025-03-03,3669.27,Paid,False,55.0
CLM-000522,POL-002325,2025-07-29,6502.5,Paid,False,33.0
CLM-000523,POL-002333,2025-10-18,507.25,Paid,False,
CLM-000524,POL-002333,2025-01-15,2947.81,Rejected,False,38.0
CLM-000525,POL-002336,2025-10-03,5793.11,Paid,False,
CLM-000526,POL-002338,2025-06-06,5032.25,Paid,False,20.0
CLM-000527,POL-002338,2024-10-15,2956.06,Under Review,False,16.0
CLM-000528,POL-002346,2025-04-21,590.27,Paid,False,14.0
CLM-000529,POL-002352,2023-12-16,2287.97,Paid,False,71.0
CLM-000530,POL-002355,2025-11-16,6173.82,Paid,False,68.0
CLM-000531,POL-002355,2024-01-25,3479.75,Paid,False,45.0
CLM-000532,POL-002365,2025-12-13,5651.74,Paid,False,81.0
CLM-000533,POL-002367,2022-05-13,5486.01,Under Review,False,
CLM-000534,POL-002375,2025-12-04,4842.19,Paid,False,55.0
CLM-000535,POL-002375,2025-11-02,3055.3,Paid,False,5.0
CLM-000536,POL-002375,2025-03-07,1787.49,Paid,False,60.0
CLM-000537,POL-002384,2025-09-09,2993.75,Paid,False,45.0
CLM-000538,POL-002384,2025-09-11,7981.69,Paid,False,57.0
CLM-000539,POL-002384,2025-12-17,6489.85,Rejected,False,
CLM-000540,POL-002394,2025-10-20,4098.78,Paid,False,70.0
CLM-000541,POL-002395,2025-01-28,7236.34,Paid,False,51.0
CLM-000542,POL-002396,2025-06-06,5611.8,Rejected,False,86.0
CLM-000543,POL-002400,2022-12-31,3794.19,Paid,False,26.0
CLM-000544,POL-002406,2025-01-16,7668.94,Rejected,False,83.0
CLM-000545,POL-002409,2024-03-27,7929.29,Paid,False,
CLM-000546,POL-002412,2024-09-01,7575.24,Paid,False,33.0
CLM-000547,POL-002412,2025-10-29,7658.04,Paid,False,18.0
CLM-000548,POL-002415,2023-04-10,1002.81,Under Review,False,77.0
CLM-000549,POL-002415,2025-11-21,3836.11,Rejected,False,82.0
CLM-000550,POL-002422,2023-07-05,531.49,Paid,False,46.0
CLM-000551,POL-002422,2024-04-08,2258.18,Under Review,False,85.0
CLM-000552,POL-002423,2024-08-22,2943.61,Paid,False,69.0
CLM-000553,POL-002426,2025-08-01,2623.82,Paid,False,60.0
CLM-000554,POL-002430,2022-03-25,2715.31,Rejected,False,65.0
CLM-000555,POL-002431,2025-08-12,2939.19,Paid,False,76.0
CLM-000556,POL-002438,2024-08-06,1961.28,Under Review,True,24.0
CLM-000557,POL-002440,2025-01-21,1703.54,Paid,False,61.0
CLM-000558,POL-002440,2024-10-27,653.54,Rejected,False,5.0
CLM-000559,POL-002444,2025-01-16,1576.04,Paid,False,5.0
CLM-000560,POL-002445,2025-03-13,3709.4,Paid,False,
CLM-000561,POL-002452,2023-10-26,5561.16,Paid,False,12.0
CLM-000562,POL-002455,2025-02-18,6305.03,Paid,False,50.0
CLM-000563,POL-002455,2025-07-21,1769.95,Paid,False,
CLM-000564,POL-002459,2025-04-22,3536.51,Paid,False,16.0
CLM-000565,POL-002462,2025-01-24,3228.35,Paid,False,76.0
CLM-000566,POL-002466,2025-05-28,7347.61,Paid,False,63.0
CLM-000567,POL-002471,2023-01-22,1850.96,Paid,False,43.0
CLM-000568,POL-002472,2024-04-26,3414.85,Under Review,False,85.0
CLM-000569,POL-002481,2023-12-02,1303.34,Paid,False,49.0
CLM-000570,POL-002481,2023-08-05,2369.91,Paid,False,16.0
CLM-000571,POL-002482,2025-12-23,4882.23,Rejected,False,58.0
CLM-000572,POL-002483,2025-09-28,429.18,Under Review,True,6.0
CLM-000573,POL-002486,2025-12-26,4883.63,Under Review,False,46.0
CLM-000574,POL-002505,2025-06-16,3055.54,Paid,False,90.0
CLM-000575,POL-002505,2025-11-29,1302.61,Rejected,False,45.0
CLM-000576,POL-002505,2025-05-15,2477.69,Paid,False,61.0
CLM-000577,POL-002508,2024-12-17,4400.88,Paid,False,41.0
CLM-000578,POL-002529,2025-08-09,1321.49,Paid,False,80.0
CLM-000579,POL-002532,2024-09-19,473.9,Rejected,False,85.0
CLM-000580,POL-002532,2025-03-03,6623.96,Under Review,False,76.0
CLM-000581,POL-002538,2025-09-03,1838.61,Under Review,False,6.0
CLM-000582,POL-002538,2024-07-29,1831.25,Rejected,False,12.0
CLM-000583,POL-002542,2025-10-20,3744.11,Under Review,False,16.0
CLM-000584,POL-002542,2022-08-14,1528.93,Paid,False,42.0
CLM-000585,POL-002542,2023-01-31,5513.08,Paid,False,8.0
CLM-000586,POL-002543,2025-07-14,6675.36,Paid,False,
CLM-000587,POL-002543,2023-10-23,7444.37,Paid,False,15.0
CLM-000588,POL-002544,2025-11-04,5839.58,Rejected,False,90.0
CLM-000589,POL-002548,2025-02-27,4790.92,Rejected,False,85.0
CLM-000590,POL-002560,2025-12-14,5985.59,Paid,False,
CLM-000591,POL-002560,2025-06-12,5725.64,Paid,False,10.0
CLM-000592,POL-002565,2025-05-24,4196.93,Paid,False,52.0
CLM-000593,POL-002571,2023-11-22,3180.13,Paid,False,63.0
CLM-000594,POL-002585,2024-07-06,7833.06,Paid,False,
CLM-000595,POL-002585,2024-10-29,7853.96,Paid,True,90.0
CLM-000596,POL-002590,2023-05-23,6161.06,Paid,False,64.0
CLM-000597,POL-002604,2024-04-05,5737.4,Rejected,False,57.0
CLM-000598,POL-002605,2024-05-14,1823.8,Rejected,False,34.0
CLM-000599,POL-002608,2025-07-02,5284.52,Paid,False,77.0
CLM-000600,POL-002623,2025-05-28,2125.97,Rejected,False,70.0
CLM-000601,POL-002624,2024-06-10,1493.92,Rejected,False,
CLM-000602,POL-002626,2025-09-15,5640.6,Paid,False,23.0
CLM-000603,POL-002631,2025-11-16,7408.21,Paid,False,59.0
CLM-000604,POL-002644,2025-04-03,4110.41,Paid,False,38.0
CLM-000605,POL-002645,2024-09-16,1965.33,Paid,False,55.0
CLM-000606,POL-002651,2025-03-09,1344.7,Under Review,False,64.0
CLM-000607,POL-002651,2024-12-12,4102.86,Paid,False,80.0
CLM-000608,POL-002651,2025-11-07,3823.51,Under Review,False,74.0
CLM-000609,POL-002660,2025-07-04,3122.95,Paid,False,37.0
CLM-000610,POL-002663,2025-12-25,1415.56,Paid,False,
CLM-000611,POL-002688,2025-01-26,6632.72,Paid,False,89.0
CLM-000612,POL-002688,2025-04-05,2219.09,Under Review,False,
CLM-000613,POL-002702,2022-11-22,5783.12,Paid,False,22.0
CLM-000614,POL-002712,2025-01-15,3621.91,Paid,True,
CLM-000615,POL-002712,2025-07-07,2894.56,Rejected,False,3.0
CLM-000616,POL-002712,2024-11-18,2958.79,Paid,False,24.0
CLM-000617,POL-002715,2025-02-19,1992.63,Paid,False,
CLM-000618,POL-002721,2023-09-20,3254.08,Paid,False,45.0
CLM-000619,POL-002721,2025-03-26,6093.61,Paid,False,9.0
CLM-000620,POL-002721,2025-10-19,1496.18,Paid,False,8.0
CLM-000621,POL-002724,2025-04-06,7720.74,Paid,False,66.0
CLM-000622,POL-002727,2024-05-20,5211.57,Paid,False,
CLM-000623,POL-002727,2025-05-10,7915.75,Paid,True,36.0
CLM-000624,POL-002739,2025-02-04,13911.18,Paid,False,78.0
CLM-000625,POL-002743,2024-10-10,3246.27,Paid,False,57.0
CLM-000626,POL-002743,2025-08-29,3968.76,Paid,False,32.0
CLM-000627,POL-002743,2025-01-21,4071.87,Paid,False,72.0
CLM-000628,POL-002745,2024-01-21,9650.51,Paid,False,52.0
CLM-000629,POL-002750,2025-12-04,1555.41,Rejected,False,12.0
CLM-000630,POL-002762,2024-03-22,2429.38,Rejected,False,75.0
CLM-000631,POL-002762,2024-05-08,5411.6,Paid,False,72.0
CLM-000632,POL-002762,2023-09-01,4257.05,Paid,False,32.0
CLM-000633,POL-002766,2024-11-07,3948.35,Under Review,False,26.0
CLM-000634,POL-002768,2024-06-01,6372.48,Paid,False,30.0
CLM-000635,POL-002789,2025-06-01,3275.08,Paid,False,22.0
CLM-000636,POL-002800,2024-02-28,1630.83,Under Review,False,69.0
CLM-000637,POL-002808,2025-11-14,4914.11,Paid,False,45.0
CLM-000638,POL-002810,2025-11-09,3361.38,Rejected,False,15.0
CLM-000639,POL-002816,2024-06-16,2702.36,Paid,False,57.0
CLM-000640,POL-002816,2025-08-27,652.02,Paid,False,46.0
CLM-000641,POL-002839,2025-05-27,5767.0,Paid,False,55.0
CLM-000642,POL-002850,2022-08-04,4062.96,Paid,False,21.0
CLM-000643,POL-002851,2024-09-04,7962.56,Under Review,False,52.0
CLM-000644,POL-002851,2024-05-11,773.68,Paid,False,60.0
CLM-000645,POL-002851,2024-07-08,3149.81,Paid,False,27.0
CLM-000646,POL-002858,2024-05-01,3789.4,Rejected,False,87.0
CLM-000647,POL-002858,2022-10-16,2692.09,Rejected,False,6.0
CLM-000648,POL-002862,2024-09-04,276.08,Paid,False,54.0
CLM-000649,POL-002867,2024-10-31,1766.1,Paid,False,33.0
CLM-000650,POL-002870,2025-03-17,4078.78,Paid,False,73.0
CLM-000651,POL-002874,2024-04-06,1082.26,Under Review,False,11.0
CLM-000652,POL-002875,2025-12-01,1586.07,Rejected,False,25.0
CLM-000653,POL-002879,2025-08-06,1650.84,Paid,False,76.0
CLM-000654,POL-002880,2023-03-25,5446.31,Paid,False,66.0
CLM-000655,POL-002882,2025-12-17,4471.56,Under Review,False,78.0
CLM-000656,POL-002887,2023-10-04,3457.02,Paid,False,26.0
CLM-000657,POL-002887,2025-06-07,3432.25,Under Review,False,32.0
CLM-000658,POL-002887,2024-01-01,7868.16,Paid,False,48.0
CLM-000659,POL-002892,2024-06-01,1109.4,Under Review,False,10.0
CLM-000660,POL-002892,2025-01-07,2650.88,Paid,False,74.0
CLM-000661,POL-002892,2023-09-29,2161.19,Rejected,False,34.0
CLM-000662,POL-002895,2025-09-11,2274.13,Paid,False,12.0
CLM-000663,POL-002896,2025-05-09,1298.49,Paid,False,33.0
CLM-000664,POL-002897,2024-10-11,6431.2,Rejected,False,19.0
CLM-000665,POL-002902,2025-04-19,6067.88,Paid,False,66.0
CLM-000666,POL-002902,2024-09-30,3972.5,Paid,False,32.0
CLM-000667,POL-002912,2023-02-04,2111.77,Paid,False,60.0
CLM-000668,POL-002919,2024-08-25,3543.21,Paid,False,28.0
CLM-000669,POL-002921,2024-07-09,1489.6,Paid,False,42.0
CLM-000670,POL-002921,2025-03-22,3816.17,Paid,False,16.0
CLM-000671,POL-002930,2023-02-16,3974.34,Paid,False,69.0
CLM-000672,POL-002930,2025-03-26,1643.4,Paid,False,27.0
CLM-000673,POL-002947,2025-07-29,2596.43,Rejected,False,60.0
CLM-000674,POL-002947,2024-01-25,484.94,Under Review,False,71.0
CLM-000675,POL-002955,2025-03-25,4937.21,Paid,False,88.0
CLM-000676,POL-002957,2025-03-21,2673.48,Paid,False,41.0
CLM-000677,POL-002962,2025-07-03,4227.83,Paid,False,38.0
CLM-000678,POL-002971,2025-05-08,1598.23,Paid,False,73.0
CLM-000679,POL-002971,2025-06-15,2233.91,Paid,False,89.0
CLM-000680,POL-002975,2024-07-02,7189.06,Paid,False,78.0
CLM-000681,POL-002975,2023-10-05,5979.41,Paid,False,10.0
CLM-000682,POL-002976,2024-03-31,3985.21,Paid,False,76.0
CLM-000683,POL-002980,2025-09-14,6167.52,Paid,False,11.0
CLM-000684,POL-002982,2025-11-12,6633.94,Rejected,False,
CLM-000685,POL-002983,2025-02-14,1169.12,Rejected,False,60.0
CLM-000686,POL-002983,2025-01-30,1459.38,Rejected,False,29.0
CLM-000687,POL-002985,2024-03-05,645.81,Paid,False,34.0
CLM-000688,POL-002985,2024-09-14,3445.17,Paid,False,86.0
CLM-000689,POL-002985,2025-06-30,469.93,Under Review,False,81.0
CLM-000690,POL-002989,2023-03-25,3107.57,Paid,False,74.0
CLM-000691,POL-002991,2025-08-15,3509.13,Under Review,False,
CLM-000692,POL-002996,2025-11-05,2236.37,Paid,False,38.0
CLM-000693,POL-003006,2024-07-31,4374.88,Paid,False,22.0
CLM-000694,POL-003006,2024-12-17,3920.87,Paid,False,90.0
CLM-000695,POL-003006,2023-03-20,7003.03,Paid,False,49.0
CLM-000696,POL-003009,2025-10-26,2998.76,Paid,False,20.0
CLM-000697,POL-003009,2024-04-15,3593.55,Paid,False,4.0
CLM-000698,POL-003015,2025-06-16,4040.23,Paid,False,31.0
CLM-000699,POL-003015,2025-05-05,4161.62,Paid,False,87.0
CLM-000700,POL-003017,2023-08-28,7987.19,Paid,False,54.0
CLM-000701,POL-003029,2024-05-16,3769.52,Under Review,False,76.0
CLM-000702,POL-003030,2025-09-21,6034.33,Paid,False,46.0
CLM-000703,POL-003033,2025-07-02,5083.16,Paid,False,7.0
CLM-000704,POL-003036,2024-08-31,1409.78,Paid,False,42.0
CLM-000705,POL-003036,2024-06-11,1058.46,Rejected,False,84.0
CLM-000706,POL-003044,2025-09-24,16626.3,Paid,False,
CLM-000707,POL-003044,2023-11-13,3408.41,Paid,False,70.0
CLM-000708,POL-003050,2025-05-27,6745.45,Under Review,False,47.0
CLM-000709,POL-003050,2025-05-20,1453.28,Under Review,False,27.0
CLM-000710,POL-003050,2025-01-02,4535.12,Paid,False,63.0
CLM-000711,POL-003060,2025-09-03,2974.39,Rejected,False,29.0
CLM-000712,POL-003060,2024-10-29,1897.98,Paid,False,70.0
CLM-000713,POL-003060,2025-10-20,6976.2,Paid,False,52.0
CLM-000714,POL-003061,2025-07-15,12486.04,Paid,False,73.0
CLM-000715,POL-003063,2025-03-15,2603.18,Paid,False,78.0
CLM-000716,POL-003063,2024-10-17,2542.77,Under Review,False,68.0
CLM-000717,POL-003069,2024-08-05,1040.39,Rejected,False,55.0
CLM-000718,POL-003069,2025-03-13,7981.11,Paid,False,73.0
CLM-000719,POL-003090,2024-10-08,3510.81,Paid,False,39.0
CLM-000720,POL-003090,2024-12-02,4365.52,Paid,False,33.0
CLM-000721,POL-003092,2025-12-23,2198.53,Paid,False,
CLM-000722,POL-003104,2023-01-04,4112.22,Paid,False,84.0
CLM-000723,POL-003105,2025-01-18,11245.74,Paid,False,64.0
CLM-000724,POL-003112,2023-08-30,6460.89,Under Review,True,
CLM-000725,POL-003112,2025-02-18,6904.19,Paid,False,55.0
CLM-000726,POL-003112,2023-10-06,1521.5,Rejected,False,21.0
CLM-000727,POL-003126,2025-05-18,11212.39,Rejected,False,33.0
CLM-000728,POL-003128,2025-04-08,2618.49,Paid,True,
CLM-000729,POL-003130,2025-08-11,3666.21,Paid,False,55.0
CLM-000730,POL-003131,2025-11-21,1787.55,Paid,False,68.0
CLM-000731,POL-003133,2024-09-02,2494.88,Paid,False,29.0
CLM-000732,POL-003135,2024-07-21,2429.32,Under Review,False,17.0
CLM-000733,POL-003142,2025-06-16,10090.82,Under Review,False,43.0
CLM-000734,POL-003143,2024-12-16,887.67,Under Review,False,18.0
CLM-000735,POL-003146,2025-02-13,13582.99,Paid,False,67.0
CLM-000736,POL-003146,2025-04-26,614.39,Paid,False,
CLM-000737,POL-003147,2024-08-30,2327.01,Paid,False,55.0
CLM-000738,POL-003150,2023-05-29,2055.24,Paid,False,33.0
CLM-000739,POL-003150,2023-07-31,5151.63,Rejected,False,51.0
CLM-000740,POL-003153,2025-05-26,29709.01,Under Review,False,48.0
CLM-000741,POL-003155,2023-04-14,2630.95,Paid,False,14.0
CLM-000742,POL-003157,2024-03-01,7405.36,Under Review,False,76.0
CLM-000743,POL-003157,2025-07-15,2297.79,Rejected,True,29.0
CLM-000744,POL-003158,2022-11-30,1504.24,Paid,False,
CLM-000745,POL-003161,2025-12-24,7990.13,Paid,False,18.0
CLM-000746,POL-003162,2025-07-12,3203.48,Paid,True,
CLM-000747,POL-003174,2024-10-04,6472.07,Under Review,False,41.0
CLM-000748,POL-003174,2025-01-22,2189.02,Paid,False,
CLM-000749,POL-003178,2024-09-15,509.16,Paid,False,51.0
CLM-000750,POL-003184,2025-10-22,7543.73,Under Review,False,56.0
CLM-000751,POL-003185,2025-10-29,809.4,Paid,False,35.0
CLM-000752,POL-003186,2024-12-20,3673.15,Paid,True,5.0
CLM-000753,POL-003192,2023-08-16,2356.63,Under Review,False,29.0
CLM-000754,POL-003194,2025-11-29,1148.63,Paid,False,77.0
CLM-000755,POL-003207,2025-10-03,2743.29,Paid,False,7.0
CLM-000756,POL-003211,2022-12-09,16444.28,Paid,False,30.0
CLM-000757,POL-003222,2024-09-23,3277.27,Under Review,False,20.0
CLM-000758,POL-003225,2025-06-19,1809.34,Paid,False,7.0
CLM-000759,POL-003225,2024-07-26,3297.27,Paid,False,70.0
CLM-000760,POL-003230,2025-09-22,6116.22,Paid,False,
CLM-000761,POL-003244,2025-09-16,5910.44,Paid,False,25.0
CLM-000762,POL-003245,2025-08-14,11797.6,Paid,False,38.0
CLM-000763,POL-003245,2025-09-06,16796.61,Paid,False,57.0
CLM-000764,POL-003251,2025-09-08,1411.46,Paid,False,83.0
CLM-000765,POL-003257,2024-07-30,271.47,Rejected,False,47.0
CLM-000766,POL-003259,2023-09-12,555.1,Paid,False,79.0
CLM-000767,POL-003259,2023-06-05,4434.13,Paid,False,63.0
CLM-000768,POL-003263,2024-11-11,2573.71,Paid,False,19.0
CLM-000769,POL-003263,2025-01-22,5630.97,Paid,False,11.0
CLM-000770,POL-003264,2023-10-27,1780.74,Paid,False,72.0
CLM-000771,POL-003273,2025-08-30,5168.61,Paid,False,20.0
CLM-000772,POL-003273,2025-09-03,821.11,Paid,False,50.0
CLM-000773,POL-003280,2025-01-20,14694.38,Paid,False,27.0
CLM-000774,POL-003286,2024-12-20,2715.7,Paid,True,75.0
CLM-000775,POL-003299,2025-01-12,848.37,Paid,False,77.0
CLM-000776,POL-003304,2025-08-13,4475.52,Paid,False,
CLM-000777,POL-003304,2024-08-19,3520.07,Paid,False,26.0
CLM-000778,POL-003304,2025-04-23,1911.71,Paid,False,7.0
CLM-000779,POL-003307,2025-09-13,1468.04,Paid,False,88.0
CLM-000780,POL-003310,2023-09-16,2228.79,Paid,False,28.0
CLM-000781,POL-003316,2024-01-11,2762.32,Paid,False,28.0
CLM-000782,POL-003319,2025-06-29,2746.13,Paid,False,75.0
CLM-000783,POL-003325,2025-03-18,4231.71,Paid,False,
CLM-000784,POL-003329,2024-10-18,3192.89,Paid,False,34.0
CLM-000785,POL-003340,2025-02-24,510.2,Paid,False,44.0
CLM-000786,POL-003344,2024-08-01,2017.4,Under Review,False,47.0
CLM-000787,POL-003351,2025-04-09,818.77,Paid,False,66.0
CLM-000788,POL-003359,2024-09-10,1728.24,Under Review,False,37.0
CLM-000789,POL-003364,2025-08-23,3380.02,Paid,False,87.0
CLM-000790,POL-003372,2025-12-16,4581.71,Paid,True,15.0
CLM-000791,POL-003384,2025-03-29,519.24,Paid,False,27.0
CLM-000792,POL-003384,2024-11-17,1910.51,Paid,False,
CLM-000793,POL-003386,2024-10-15,494.56,Under Review,False,49.0
CLM-000794,POL-003389,2025-11-08,3079.88,Paid,False,63.0
CLM-000795,POL-003393,2025-03-28,859.53,Paid,False,41.0
CLM-000796,POL-003394,2023-12-01,1702.65,Under Review,False,
CLM-000797,POL-003395,2024-09-17,1171.75,Under Review,False,33.0
CLM-000798,POL-003396,2022-05-25,309.69,Paid,False,23.0
CLM-000799,POL-003397,2022-04-21,2704.71,Paid,False,38.0
CLM-000800,POL-003403,2025-01-19,769.18,Paid,False,46.0
CLM-000801,POL-003404,2025-07-25,1469.99,Paid,False,73.0
CLM-000802,POL-003408,2025-06-20,2119.03,Paid,False,42.0
CLM-000803,POL-003409,2022-07-25,1357.01,Under Review,False,75.0
CLM-000804,POL-003415,2025-08-23,7162.68,Paid,False,79.0
CLM-000805,POL-003421,2024-08-07,4349.28,Paid,False,4.0
CLM-000806,POL-003426,2025-09-17,646.09,Under Review,False,68.0
CLM-000807,POL-003427,2025-09-27,1853.72,Rejected,False,80.0
CLM-000808,POL-003431,2023-06-08,4703.27,Paid,False,79.0
CLM-000809,POL-003433,2024-03-30,3767.21,Paid,False,39.0
CLM-000810,POL-003433,2025-11-22,686.68,Paid,False,28.0
CLM-000811,POL-003435,2025-11-14,6470.0,Paid,False,
CLM-000812,POL-003439,2024-08-10,530.21,Paid,False,
CLM-000813,POL-003445,2025-10-19,3373.44,Paid,False,80.0
CLM-000814,POL-003445,2025-12-18,5814.64,Paid,False,19.0
CLM-000815,POL-003461,2025-04-21,3187.26,Paid,False,6.0
CLM-000816,POL-003461,2025-08-29,2951.95,Paid,False,65.0
CLM-000817,POL-003464,2024-08-20,7512.17,Paid,False,60.0
CLM-000818,POL-003466,2024-03-15,871.25,Paid,False,71.0
CLM-000819,POL-003469,2024-01-11,4480.42,Paid,False,20.0
CLM-000820,POL-003469,2023-05-11,2020.92,Paid,False,39.0
CLM-000821,POL-003470,2025-01-18,6552.19,Paid,False,66.0
CLM-000822,POL-003475,2025-01-19,1856.87,Paid,False,40.0
CLM-000823,POL-003485,2025-11-07,2428.52,Paid,False,
CLM-000824,POL-003491,2025-11-20,3712.17,Paid,False,
CLM-000825,POL-003492,2025-07-30,1190.1,Paid,False,60.0
CLM-000826,POL-003496,2025-02-07,2310.33,Paid,False,31.0
CLM-000827,POL-003501,2025-07-17,3101.55,Paid,False,
CLM-000828,POL-003505,2024-04-04,7628.53,Under Review,False,77.0
CLM-000829,POL-003506,2024-03-28,23295.61,Paid,False,79.0
CLM-000830,POL-003509,2024-07-27,972.92,Paid,False,37.0
CLM-000831,POL-003510,2025-06-12,6127.55,Paid,False,
CLM-000832,POL-003511,2025-07-04,1052.36,Paid,False,64.0
CLM-000833,POL-003514,2025-12-10,1738.57,Paid,False,33.0
CLM-000834,POL-003514,2025-02-20,982.27,Paid,False,59.0
CLM-000835,POL-003518,2025-08-05,2186.92,Paid,False,34.0
CLM-000836,POL-003519,2024-11-25,2551.71,Rejected,False,86.0
CLM-000837,POL-003520,2025-06-28,1608.57,Paid,False,30.0
CLM-000838,POL-003525,2025-06-01,5937.32,Paid,False,28.0
CLM-000839,POL-003530,2023-05-20,7062.07,Paid,False,35.0
CLM-000840,POL-003531,2022-05-16,2987.3,Paid,False,70.0
CLM-000841,POL-003533,2025-11-19,13596.14,Rejected,False,52.0
CLM-000842,POL-003539,2024-10-31,1879.34,Paid,False,18.0
CLM-000843,POL-003540,2023-04-05,2169.48,Under Review,True,7.0
CLM-000844,POL-003541,2024-06-13,4020.04,Paid,False,90.0
CLM-000845,POL-003542,2025-01-09,750.55,Paid,True,65.0
CLM-000846,POL-003549,2024-05-24,5668.06,Under Review,False,51.0
CLM-000847,POL-003558,2024-01-23,6779.36,Under Review,False,55.0
CLM-000848,POL-003569,2023-01-14,6095.14,Paid,False,47.0
CLM-000849,POL-003569,2024-08-26,3659.02,Rejected,False,21.0
CLM-000850,POL-003581,2024-03-28,4831.43,Paid,False,62.0
CLM-000851,POL-003589,2023-09-27,2136.69,Paid,False,80.0
CLM-000852,POL-003593,2023-06-01,1742.39,Paid,False,6.0
CLM-000853,POL-003593,2024-04-18,4151.99,Under Review,False,25.0
CLM-000854,POL-003609,2023-12-25,969.81,Rejected,False,
CLM-000855,POL-003624,2024-03-23,6518.67,Rejected,False,6.0
CLM-000856,POL-003630,2025-03-04,2404.48,Paid,False,50.0
CLM-000857,POL-003634,2025-04-01,2674.56,Paid,False,45.0
CLM-000858,POL-003635,2024-02-07,945.96,Paid,True,48.0
CLM-000859,POL-003644,2023-04-16,7955.73,Paid,False,61.0
CLM-000860,POL-003645,2023-12-18,1158.07,Paid,False,56.0
CLM-000861,POL-003649,2025-05-11,3893.48,Paid,False,60.0
CLM-000862,POL-003651,2025-12-07,5924.23,Paid,False,27.0
CLM-000863,POL-003655,2025-04-20,1466.18,Rejected,False,36.0
CLM-000864,POL-003656,2024-08-17,3356.86,Paid,True,34.0
CLM-000865,POL-003660,2024-03-20,4054.63,Under Review,False,70.0
CLM-000866,POL-003665,2025-02-26,427.14,Paid,False,72.0
CLM-000867,POL-003665,2025-07-31,2101.15,Paid,False,74.0
CLM-000868,POL-003665,2025-07-29,1375.81,Rejected,False,61.0
CLM-000869,POL-003692,2025-03-06,7449.85,Paid,False,20.0
CLM-000870,POL-003696,2024-01-26,1592.93,Paid,False,44.0
CLM-000871,POL-003713,2025-10-25,3186.28,Paid,False,82.0
CLM-000872,POL-003720,2025-05-26,4494.2,Paid,False,58.0
CLM-000873,POL-003730,2025-05-14,5619.4,Under Review,False,
CLM-000874,POL-003733,2024-04-04,1082.26,Rejected,False,62.0
CLM-000875,POL-003735,2024-11-14,7654.29,Paid,False,82.0
CLM-000876,POL-003737,2025-05-27,4722.06,Paid,False,5.0
CLM-000877,POL-003755,2023-12-08,7000.43,Paid,False,29.0
CLM-000878,POL-003759,2025-10-19,7068.25,Paid,True,63.0
CLM-000879,POL-003759,2025-06-20,5205.88,Paid,False,5.0
CLM-000880,POL-003764,2023-03-29,1685.18,Under Review,False,23.0
CLM-000881,POL-003765,2023-06-11,1934.0,Paid,False,83.0
CLM-000882,POL-003778,2022-09-26,7703.19,Paid,False,31.0
CLM-000883,POL-003779,2023-07-04,3823.46,Rejected,False,
CLM-000884,POL-003779,2022-05-13,7117.78,Paid,False,40.0
CLM-000885,POL-003779,2023-07-19,4987.55,Paid,False,31.0
CLM-000886,POL-003784,2023-03-25,6580.24,Paid,False,18.0
CLM-000887,POL-003785,2024-11-18,936.42,Rejected,False,84.0
CLM-000888,POL-003789,2025-12-05,3862.49,Paid,False,76.0
CLM-000889,POL-003789,2025-02-20,492.2,Paid,False,8.0
CLM-000890,POL-003789,2024-07-19,2899.97,Paid,True,
CLM-000891,POL-003806,2024-07-06,3360.0,Paid,False,
CLM-000892,POL-003806,2024-08-30,1981.94,Paid,False,71.0
CLM-000893,POL-003808,2025-04-13,11236.25,Paid,False,80.0
CLM-000894,POL-003808,2025-04-02,2858.74,Rejected,False,76.0
CLM-000895,POL-003818,2024-08-16,901.09,Rejected,False,43.0
CLM-000896,POL-003821,2025-12-06,5551.53,Paid,False,7.0
CLM-000897,POL-003824,2024-01-30,7181.1,Under Review,False,45.0
CLM-000898,POL-003825,2022-02-25,1138.75,Paid,False,
CLM-000899,POL-003825,2025-07-10,6509.86,Paid,False,56.0
CLM-000900,POL-003827,2025-04-15,1325.88,Paid,False,45.0
CLM-000901,POL-003832,2025-06-06,2375.26,Paid,False,86.0
CLM-000902,POL-003842,2025-04-08,2652.96,Paid,False,17.0
CLM-000903,POL-003844,2025-05-10,994.37,Paid,False,36.0
CLM-000904,POL-003844,2025-10-26,4324.12,Rejected,False,16.0
CLM-000905,POL-003847,2025-12-10,2121.79,Paid,False,67.0
CLM-000906,POL-003848,2025-02-18,1621.01,Paid,False,7.0
CLM-000907,POL-003852,2025-05-27,6293.1,Paid,False,6.0
CLM-000908,POL-003868,2024-07-11,937.38,Paid,False,18.0
CLM-000909,POL-003881,2024-11-23,1617.58,Under Review,False,70.0
CLM-000910,POL-003886,2025-01-08,10438.51,Paid,False,50.0
CLM-000911,POL-003889,2025-12-15,1032.82,Paid,False,85.0
CLM-000912,POL-003892,2024-10-05,7257.69,Paid,False,
CLM-000913,POL-003900,2025-12-13,4402.63,Rejected,False,41.0
CLM-000914,POL-003902,2024-09-26,3388.13,Under Review,False,19.0
CLM-000915,POL-003912,2025-10-04,1438.15,Paid,False,39.0
CLM-000916,POL-003925,2025-01-20,7547.58,Rejected,False,79.0
CLM-000917,POL-003929,2024-10-22,2798.58,Paid,False,49.0
CLM-000918,POL-003952,2025-08-24,5174.95,Paid,False,69.0
CLM-000919,POL-003953,2025-06-29,1618.06,Paid,False,12.0
CLM-000920,POL-003957,2025-06-07,5380.73,Paid,False,4.0
CLM-000921,POL-003966,2024-03-31,2850.84,Paid,False,66.0
CLM-000922,POL-003966,2024-01-05,911.74,Paid,False,89.0
CLM-000923,POL-003966,2023-05-24,5853.56,Under Review,False,75.0
CLM-000924,POL-003969,2023-07-28,2770.43,Paid,False,76.0
CLM-000925,POL-003973,2025-07-05,16723.19,Paid,False,81.0
CLM-000926,POL-003973,2025-08-08,1874.53,Paid,False,61.0
CLM-000927,POL-003975,2025-11-01,2539.38,Paid,False,6.0
CLM-000928,POL-003987,2025-10-07,8460.67,Paid,False,89.0
CLM-000929,POL-003992,2023-06-23,10522.65,Paid,False,85.0
CLM-000930,POL-003992,2022-12-11,3406.88,Paid,False,4.0
CLM-000931,POL-003996,2025-10-06,6941.18,Rejected,False,65.0
CLM-000932,POL-003999,2024-11-24,41104.99,Paid,False,55.0
CLM-000933,POL-004003,2025-11-13,3501.88,Under Review,False,87.0
CLM-000934,POL-004004,2025-05-19,4577.86,Rejected,False,18.0
CLM-000935,POL-004005,2025-10-13,1509.87,Under Review,False,41.0
CLM-000936,POL-004005,2024-04-27,1623.96,Paid,False,70.0
CLM-000937,POL-004013,2024-06-22,6782.48,Under Review,False,17.0
CLM-000938,POL-004013,2025-04-17,6143.89,Under Review,False,24.0
CLM-000939,POL-004021,2025-03-08,3905.37,Paid,False,
CLM-000940,POL-004021,2025-07-11,2890.33,Paid,False,
CLM-000941,POL-004021,2025-10-16,5250.87,Paid,False,9.0
CLM-000942,POL-004024,2025-09-29,4619.75,Paid,False,7.0
CLM-000943,POL-004042,2025-04-13,1309.94,Paid,False,64.0
CLM-000944,POL-004059,2024-07-07,6104.69,Paid,False,15.0
CLM-000945,POL-004059,2025-11-01,3496.36,Rejected,False,38.0
CLM-000946,POL-004073,2024-09-08,7483.95,Paid,False,61.0
CLM-000947,POL-004075,2024-10-08,17608.82,Paid,False,60.0
CLM-000948,POL-004077,2023-01-01,1112.71,Paid,False,36.0
CLM-000949,POL-004087,2024-09-22,5958.07,Under Review,False,84.0
CLM-000950,POL-004088,2025-06-22,5543.47,Paid,False,18.0
CLM-000951,POL-004088,2025-12-05,7035.25,Under Review,False,89.0
CLM-000952,POL-004094,2025-06-22,447.74,Paid,False,85.0
CLM-000953,POL-004095,2025-08-12,5734.79,Paid,False,11.0
CLM-000954,POL-004095,2024-03-06,2759.61,Paid,False,41.0
CLM-000955,POL-004106,2024-06-09,1185.88,Paid,False,56.0
CLM-000956,POL-004107,2025-06-07,6737.7,Paid,False,58.0
CLM-000957,POL-004108,2025-08-14,22836.61,Paid,False,79.0
CLM-000958,POL-004129,2025-10-15,3774.41,Paid,False,60.0
CLM-000959,POL-004129,2025-10-12,2315.99,Paid,True,41.0
CLM-000960,POL-004140,2025-07-29,7260.42,Paid,False,88.0
CLM-000961,POL-004143,2023-05-11,6228.17,Paid,False,61.0
CLM-000962,POL-004145,2025-11-09,4449.91,Rejected,False,40.0
CLM-000963,POL-004157,2024-09-30,2796.97,Rejected,False,21.0
CLM-000964,POL-004157,2023-12-04,6579.82,Paid,False,59.0
CLM-000965,POL-004160,2023-12-30,698.05,Paid,False,58.0
CLM-000966,POL-004163,2025-04-19,3095.79,Under Review,False,73.0
CLM-000967,POL-004163,2025-10-02,467.11,Paid,False,58.0
CLM-000968,POL-004179,2025-12-08,4111.07,Paid,False,74.0
CLM-000969,POL-004185,2025-12-31,1340.08,Paid,False,89.0
CLM-000970,POL-004187,2025-10-29,5422.89,Under Review,False,21.0
CLM-000971,POL-004197,2025-01-07,6081.15,Paid,False,34.0
CLM-000972,POL-004207,2024-02-27,8917.02,Paid,False,72.0
CLM-000973,POL-004208,2025-03-31,5523.23,Paid,False,73.0
CLM-000974,POL-004210,2024-11-20,6188.33,Paid,False,57.0
CLM-000975,POL-004215,2024-03-06,7068.44,Paid,False,40.0
CLM-000976,POL-004215,2025-12-25,5051.89,Paid,False,60.0
CLM-000977,POL-004216,2025-08-18,3812.77,Rejected,False,34.0
CLM-000978,POL-004235,2025-06-30,1546.34,Paid,False,64.0
CLM-000979,POL-004238,2025-10-02,1311.23,Paid,False,43.0
CLM-000980,POL-004238,2024-10-03,6991.29,Paid,True,56.0
CLM-000981,POL-004246,2024-05-07,901.19,Under Review,False,38.0
CLM-000982,POL-004256,2024-06-30,3028.09,Paid,False,60.0
CLM-000983,POL-004266,2024-09-04,5038.76,Paid,False,89.0
CLM-000984,POL-004266,2025-01-02,3296.68,Paid,False,
CLM-000985,POL-004282,2022-11-17,3561.6,Paid,False,64.0
CLM-000986,POL-004300,2024-06-29,3606.38,Paid,False,82.0
CLM-000987,POL-004309,2025-11-16,7128.77,Paid,False,6.0
CLM-000988,POL-004312,2024-06-05,2911.51,Paid,False,45.0
CLM-000989,POL-004312,2025-04-18,3819.64,Under Review,False,4.0
CLM-000990,POL-004313,2025-08-27,7533.15,Paid,False,16.0
CLM-000991,POL-004317,2024-07-29,5358.72,Paid,False,21.0
CLM-000992,POL-004322,2024-05-01,2358.38,Rejected,False,13.0
CLM-000993,POL-004322,2024-04-07,5546.24,Paid,False,87.0
CLM-000994,POL-004324,2025-08-21,526.12,Paid,False,65.0
CLM-000995,POL-004324,2025-12-02,3611.38,Under Review,False,89.0
CLM-000996,POL-004327,2024-09-13,7242.86,Paid,False,68.0
CLM-000997,POL-004328,2025-04-12,6781.95,Paid,False,74.0
CLM-000998,POL-004335,2025-12-07,1853.0,Paid,False,41.0
CLM-000999,POL-004336,2023-12-04,6335.91,Paid,False,8.0
CLM-001000,POL-004344,2024-06-29,2777.73,Under Review,False,15.0
CLM-001001,POL-004347,2023-12-14,6476.75,Rejected,False,39.0
CLM-001002,POL-004352,2024-09-13,3069.06,Paid,False,86.0
CLM-001003,POL-004352,2024-07-31,6532.82,Paid,False,33.0
CLM-001004,POL-004354,2025-08-17,5027.37,Paid,False,62.0
CLM-001005,POL-004354,2024-10-19,1388.43,Rejected,False,
CLM-001006,POL-004363,2025-03-30,4768.21,Paid,False,74.0
CLM-001007,POL-004376,2023-07-19,6363.92,Paid,False,30.0
CLM-001008,POL-004376,2025-10-14,2622.2,Paid,False,32.0
CLM-001009,POL-004380,2025-01-29,5121.85,Paid,False,79.0
CLM-001010,POL-004381,2022-11-21,4818.17,Paid,False,24.0
CLM-001011,POL-004381,2023-01-05,6250.39,Paid,False,25.0
CLM-001012,POL-004393,2024-10-25,4150.18,Paid,False,81.0
CLM-001013,POL-004397,2025-11-20,3460.85,Rejected,False,84.0
CLM-001014,POL-004408,2025-06-15,3074.58,Paid,False,81.0
CLM-001015,POL-004408,2025-09-07,359.76,Paid,False,16.0
CLM-001016,POL-004409,2025-09-28,4662.99,Paid,False,50.0
CLM-001017,POL-004419,2025-11-08,5704.61,Rejected,False,49.0
CLM-001018,POL-004422,2025-12-26,4542.66,Paid,False,9.0
CLM-001019,POL-004436,2022-11-22,4204.71,Paid,False,8.0
CLM-001020,POL-004446,2025-12-18,925.18,Paid,False,73.0
CLM-001021,POL-004447,2025-01-09,2253.22,Paid,False,21.0
CLM-001022,POL-004457,2024-05-29,1282.34,Paid,False,62.0
CLM-001023,POL-004460,2025-06-09,5584.14,Under Review,False,36.0
CLM-001024,POL-004476,2024-12-21,1858.16,Paid,False,9.0
CLM-001025,POL-004477,2024-09-13,2685.35,Paid,False,9.0
CLM-001026,POL-004480,2024-12-09,5516.51,Paid,False,68.0
CLM-001027,POL-004480,2023-01-11,870.89,Under Review,False,39.0
CLM-001028,POL-004487,2024-05-10,1770.22,Paid,False,55.0
CLM-001029,POL-004489,2025-08-25,11352.3,Paid,False,18.0
CLM-001030,POL-004494,2023-05-03,4643.82,Paid,False,87.0
CLM-001031,POL-004503,2025-12-26,3989.73,Paid,False,59.0
CLM-001032,POL-004503,2023-06-25,7182.17,Rejected,False,64.0
CLM-001033,POL-004509,2024-07-02,1055.77,Paid,False,59.0
CLM-001034,POL-004510,2025-03-19,6233.39,Paid,False,69.0
CLM-001035,POL-004511,2024-12-14,898.77,Rejected,False,42.0
CLM-001036,POL-004512,2024-12-11,1413.78,Paid,False,89.0
CLM-001037,POL-004532,2024-08-12,2448.77,Paid,False,35.0
CLM-001038,POL-004540,2024-09-15,830.18,Paid,False,78.0
CLM-001039,POL-004540,2024-10-18,7831.83,Paid,False,12.0
CLM-001040,POL-004546,2025-02-07,2548.35,Paid,False,20.0
CLM-001041,POL-004546,2025-10-26,861.36,Paid,True,12.0
CLM-001042,POL-004547,2025-11-25,3410.24,Paid,False,66.0
CLM-001043,POL-004560,2025-08-04,6081.0,Paid,False,
CLM-001044,POL-004579,2025-06-28,542.4,Paid,False,65.0
CLM-001045,POL-004579,2025-06-16,1731.94,Paid,False,86.0
CLM-001046,POL-004591,2024-11-03,3255.05,Rejected,False,23.0
CLM-001047,POL-004601,2025-03-06,7730.15,Paid,False,55.0
CLM-001048,POL-004602,2025-03-13,1852.5,Paid,False,21.0
CLM-001049,POL-004605,2025-05-11,14331.76,Paid,False,29.0
CLM-001050,POL-004613,2024-10-13,283.87,Rejected,False,17.0
CLM-001051,POL-004617,2025-10-05,1700.46,Rejected,False,3.0
CLM-001052,POL-004626,2025-09-26,6031.11,Paid,False,74.0
CLM-001053,POL-004626,2025-07-01,2033.1,Paid,False,67.0
CLM-001054,POL-004630,2024-10-16,7705.84,Rejected,False,19.0
CLM-001055,POL-004630,2024-12-08,4511.39,Paid,False,46.0
CLM-001056,POL-004631,2025-02-05,3894.64,Rejected,False,52.0
CLM-001057,POL-004636,2024-02-17,4460.64,Paid,False,16.0
CLM-001058,POL-004637,2025-12-02,4931.0,Rejected,False,
CLM-001059,POL-004637,2025-06-20,3461.93,Paid,False,67.0
CLM-001060,POL-004637,2024-08-02,1257.31,Paid,False,33.0
CLM-001061,POL-004640,2023-07-18,832.33,Paid,False,38.0
CLM-001062,POL-004640,2025-11-22,4973.06,Paid,False,5.0
CLM-001063,POL-004649,2024-09-12,7368.87,Paid,False,
CLM-001064,POL-004652,2025-01-03,268.97,Paid,False,21.0
CLM-001065,POL-004652,2025-09-22,2988.68,Paid,False,50.0
CLM-001066,POL-004653,2024-09-21,2876.54,Paid,False,45.0
CLM-001067,POL-004653,2023-09-09,6133.85,Paid,False,83.0
CLM-001068,POL-004656,2025-12-20,1926.15,Rejected,False,54.0
CLM-001069,POL-004664,2025-08-05,2331.7,Paid,False,3.0
CLM-001070,POL-004682,2025-11-28,2994.36,Paid,False,
CLM-001071,POL-004687,2025-11-12,4510.68,Under Review,False,
CLM-001072,POL-004689,2024-01-10,3182.53,Paid,False,72.0
CLM-001073,POL-004692,2024-10-20,2911.19,Paid,False,11.0
CLM-001074,POL-004692,2025-07-11,7593.3,Under Review,False,60.0
CLM-001075,POL-004701,2025-08-13,4932.53,Rejected,False,49.0
CLM-001076,POL-004702,2025-03-13,6179.57,Rejected,False,36.0
CLM-001077,POL-004704,2025-03-25,7490.3,Rejected,True,3.0
CLM-001078,POL-004716,2025-04-18,7162.12,Paid,False,42.0
CLM-001079,POL-004720,2023-12-03,10246.67,Paid,False,31.0
CLM-001080,POL-004720,2025-11-09,3307.97,Paid,False,73.0
CLM-001081,POL-004739,2024-01-08,6443.32,Under Review,True,67.0
CLM-001082,POL-004750,2024-04-13,3097.53,Paid,False,50.0
CLM-001083,POL-004753,2023-11-09,6803.47,Rejected,False,79.0
CLM-001084,POL-004759,2024-05-23,4827.45,Paid,False,67.0
CLM-001085,POL-004762,2025-05-02,7228.92,Paid,False,63.0
CLM-001086,POL-004768,2025-12-04,1157.81,Paid,False,48.0
CLM-001087,POL-004770,2024-12-07,2599.65,Paid,False,46.0
CLM-001088,POL-004776,2023-07-25,7886.21,Paid,True,32.0
CLM-001089,POL-004781,2024-12-10,2952.47,Paid,False,3.0
CLM-001090,POL-004783,2025-08-10,17516.43,Paid,False,49.0
CLM-001091,POL-004787,2025-11-27,916.47,Paid,False,67.0
CLM-001092,POL-004787,2024-10-13,387.68,Under Review,False,11.0
CLM-001093,POL-004798,2025-04-25,7499.73,Paid,False,6.0
CLM-001094,POL-004807,2025-12-26,5727.59,Under Review,True,44.0
CLM-001095,POL-004810,2025-10-07,14745.18,Paid,False,72.0
CLM-001096,POL-004812,2025-04-08,3260.86,Paid,False,55.0
CLM-001097,POL-004821,2024-05-11,9128.02,Paid,False,76.0
CLM-001098,POL-004826,2024-08-23,1613.12,Paid,False,20.0
CLM-001099,POL-004832,2025-11-17,1585.07,Paid,False,53.0
CLM-001100,POL-004832,2024-11-29,7562.58,Paid,False,6.0
CLM-001101,POL-004832,2025-07-10,4513.23,Paid,False,18.0
CLM-001102,POL-004834,2024-08-05,4391.77,Paid,False,34.0
CLM-001103,POL-004837,2025-01-29,1169.32,Paid,False,38.0
CLM-001104,POL-004839,2023-01-23,435.58,Rejected,False,66.0
CLM-001105,POL-004851,2022-07-01,1528.11,Rejected,False,21.0
CLM-001106,POL-004851,2022-06-14,2841.27,Under Review,False,23.0
CLM-001107,POL-004851,2025-06-29,1247.03,Paid,False,60.0
CLM-001108,POL-004859,2025-06-18,1258.46,Paid,False,8.0
CLM-001109,POL-004863,2025-03-14,7086.74,Paid,False,25.0
CLM-001110,POL-004871,2023-04-04,1140.61,Paid,False,45.0
CLM-001111,POL-004911,2024-10-09,1094.43,Under Review,False,17.0
CLM-001112,POL-004917,2025-09-21,804.57,Under Review,False,38.0
CLM-001113,POL-004921,2025-01-30,7873.03,Paid,False,76.0
CLM-001114,POL-004921,2023-03-12,6460.66,Paid,False,77.0
CLM-001115,POL-004933,2023-09-06,409.56,Under Review,False,30.0
CLM-001116,POL-004935,2025-07-23,1161.62,Paid,False,82.0
CLM-001117,POL-004944,2023-12-22,1860.76,Paid,False,55.0
CLM-001118,POL-004947,2025-06-25,1236.68,Paid,False,32.0
CLM-001119,POL-004952,2024-12-20,5702.06,Rejected,False,28.0
CLM-001120,POL-004953,2025-08-16,2955.66,Paid,False,55.0
CLM-001121,POL-004971,2025-03-03,2004.98,Paid,False,66.0
CLM-001122,POL-004971,2025-02-11,3230.87,Rejected,False,69.0
CLM-001123,POL-004976,2025-12-11,16121.68,Under Review,False,
CLM-001124,POL-004982,2025-12-31,776.18,Paid,False,61.0
CLM-001125,POL-004990,2025-09-05,4118.4,Paid,False,42.0
CLM-001126,POL-005004,2022-12-12,3249.89,Paid,False,15.0
CLM-001127,POL-005020,2023-08-24,289.06,Rejected,False,42.0
CLM-001128,POL-005021,2024-12-12,3104.28,Paid,False,84.0
CLM-001129,POL-005022,2023-10-26,2207.55,Paid,False,
CLM-001130,POL-005032,2024-07-08,1321.41,Paid,False,13.0
CLM-001131,POL-005032,2025-06-11,6539.24,Paid,False,58.0
CLM-001132,POL-005033,2025-03-04,1002.47,Paid,False,
CLM-001133,POL-005033,2025-02-20,2666.5,Paid,False,33.0
CLM-001134,POL-005036,2023-04-22,7586.51,Paid,False,65.0
CLM-001135,POL-005037,2025-07-07,16615.0,Paid,True,71.0
CLM-001136,POL-005038,2025-10-05,9859.25,Under Review,False,59.0
CLM-001137,POL-005040,2023-10-01,4665.45,Paid,False,43.0
CLM-001138,POL-005041,2025-02-24,3683.81,Under Review,False,52.0
CLM-001139,POL-005045,2025-10-21,7459.02,Paid,False,54.0
CLM-001140,POL-005051,2024-06-29,2106.17,Paid,False,
CLM-001141,POL-005054,2024-11-08,1791.19,Paid,False,72.0
CLM-001142,POL-005064,2025-07-10,7368.81,Paid,False,83.0
CLM-001143,POL-005071,2023-08-29,2932.53,Paid,False,66.0
CLM-001144,POL-005075,2024-12-23,1854.36,Paid,False,73.0
CLM-001145,POL-005085,2024-06-24,5972.46,Paid,False,48.0
CLM-001146,POL-005086,2024-08-09,4648.47,Paid,False,56.0
CLM-001147,POL-005102,2022-12-31,1422.51,Paid,False,50.0
CLM-001148,POL-005103,2025-09-02,4255.41,Under Review,False,56.0
CLM-001149,POL-005103,2025-12-13,9102.82,Paid,False,51.0
CLM-001150,POL-005107,2023-06-02,2700.78,Paid,False,26.0
CLM-001151,POL-005118,2025-04-26,1292.35,Paid,False,73.0
CLM-001152,POL-005122,2025-02-26,1263.84,Paid,False,24.0
CLM-001153,POL-005123,2025-07-25,16932.41,Paid,False,26.0
CLM-001154,POL-005125,2022-08-30,1258.48,Paid,False,73.0
CLM-001155,POL-005169,2025-12-16,4629.25,Paid,False,29.0
CLM-001156,POL-005182,2025-09-12,3907.35,Paid,False,81.0
CLM-001157,POL-005182,2025-12-25,2147.13,Paid,False,61.0
CLM-001158,POL-005185,2023-04-27,4277.74,Rejected,False,9.0
CLM-001159,POL-005185,2024-09-24,2338.07,Under Review,False,17.0
CLM-001160,POL-005192,2024-11-19,3368.08,Paid,False,14.0
CLM-001161,POL-005193,2023-06-24,1909.53,Rejected,False,35.0
CLM-001162,POL-005199,2024-02-07,2468.76,Paid,False,57.0
CLM-001163,POL-005201,2023-11-21,6104.4,Under Review,False,35.0
CLM-001164,POL-005206,2025-10-04,597.57,Paid,False,45.0
CLM-001165,POL-005206,2025-02-02,7299.88,Paid,False,33.0
CLM-001166,POL-005234,2025-06-24,1539.38,Under Review,False,6.0
CLM-001167,POL-005238,2025-09-30,2097.2,Paid,False,63.0
CLM-001168,POL-005249,2025-06-12,7159.94,Paid,False,10.0
CLM-001169,POL-005250,2024-06-28,7629.13,Paid,False,49.0
CLM-001170,POL-005261,2024-07-25,2161.24,Paid,False,72.0
CLM-001171,POL-005267,2025-08-13,1820.73,Rejected,False,64.0
CLM-001172,POL-005270,2025-12-18,11154.04,Paid,False,80.0
CLM-001173,POL-005280,2023-10-19,6272.18,Paid,False,64.0
CLM-001174,POL-005280,2024-08-28,4338.95,Rejected,False,58.0
CLM-001175,POL-005285,2025-10-11,442.75,Paid,False,
CLM-001176,POL-005285,2025-01-12,417.49,Paid,False,83.0
CLM-001177,POL-005287,2024-12-03,10084.98,Paid,False,46.0
CLM-001178,POL-005289,2024-09-20,15987.53,Under Review,False,20.0
CLM-001179,POL-005290,2024-08-02,1766.54,Paid,False,60.0
CLM-001180,POL-005294,2023-12-10,1560.62,Paid,False,89.0
CLM-001181,POL-005295,2023-05-06,2825.76,Paid,False,42.0
CLM-001182,POL-005297,2024-12-24,5220.26,Paid,False,
CLM-001183,POL-005299,2024-05-01,2255.03,Under Review,False,
CLM-001184,POL-005305,2025-09-03,3200.99,Paid,False,13.0
CLM-001185,POL-005307,2024-03-11,8599.75,Paid,False,75.0
CLM-001186,POL-005308,2025-06-16,2123.41,Paid,False,20.0
CLM-001187,POL-005318,2024-01-19,2887.59,Paid,False,22.0
CLM-001188,POL-005318,2025-02-03,480.35,Paid,False,24.0
CLM-001189,POL-005329,2025-12-07,1050.58,Rejected,False,9.0
CLM-001190,POL-005329,2025-07-14,5740.86,Rejected,False,79.0
CLM-001191,POL-005337,2025-12-26,7895.27,Paid,False,31.0
CLM-001192,POL-005364,2024-07-24,2008.56,Paid,False,39.0
CLM-001193,POL-005364,2025-12-19,1431.03,Paid,False,20.0
CLM-001194,POL-005369,2023-11-28,1155.87,Rejected,False,45.0
CLM-001195,POL-005375,2024-10-04,3529.48,Rejected,False,
CLM-001196,POL-005375,2025-11-15,6127.34,Paid,False,74.0
CLM-001197,POL-005376,2024-08-23,5339.93,Paid,False,
CLM-001198,POL-005376,2025-05-24,11818.08,Paid,False,17.0
CLM-001199,POL-005381,2025-12-03,2799.64,Paid,True,56.0
CLM-001200,POL-005386,2025-10-19,3196.31,Rejected,False,70.0
CLM-001201,POL-005388,2023-12-28,996.54,Paid,False,31.0
CLM-001202,POL-005391,2023-03-21,7199.14,Paid,False,49.0
CLM-001203,POL-005394,2025-11-27,4035.03,Rejected,False,37.0
CLM-001204,POL-005407,2025-07-16,4012.96,Paid,False,
CLM-001205,POL-005411,2025-09-03,910.13,Rejected,False,4.0
CLM-001206,POL-005426,2023-11-05,7895.38,Paid,False,58.0
CLM-001207,POL-005426,2024-05-07,2364.65,Paid,False,
CLM-001208,POL-005429,2025-10-23,11573.25,Paid,False,20.0
CLM-001209,POL-005429,2025-12-20,26839.19,Paid,False,41.0
CLM-001210,POL-005429,2025-07-18,21033.77,Paid,False,86.0
CLM-001211,POL-005430,2024-12-21,4738.59,Under Review,False,81.0
CLM-001212,POL-005431,2025-09-24,7717.11,Paid,False,50.0
CLM-001213,POL-005432,2025-02-05,1114.55,Paid,False,9.0
CLM-001214,POL-005433,2023-11-16,4395.63,Rejected,False,87.0
CLM-001215,POL-005447,2025-08-30,7756.86,Paid,False,4.0
CLM-001216,POL-005447,2025-01-26,427.91,Paid,False,76.0
CLM-001217,POL-005450,2025-12-30,4322.52,Paid,False,51.0
CLM-001218,POL-005452,2024-11-28,6746.65,Paid,False,90.0
CLM-001219,POL-005466,2025-08-14,4000.12,Under Review,False,13.0
CLM-001220,POL-005470,2025-08-30,4911.26,Paid,False,18.0
CLM-001221,POL-005479,2025-09-09,5698.99,Rejected,False,21.0
CLM-001222,POL-005482,2025-11-12,4155.74,Paid,False,76.0
CLM-001223,POL-005482,2025-06-28,5829.88,Rejected,False,22.0
CLM-001224,POL-005486,2025-07-05,648.19,Rejected,False,23.0
CLM-001225,POL-005504,2025-08-27,649.48,Paid,False,7.0
CLM-001226,POL-005506,2025-06-11,2457.3,Paid,False,59.0
CLM-001227,POL-005509,2024-04-17,3043.05,Paid,False,59.0
CLM-001228,POL-005509,2023-07-24,1355.24,Paid,False,9.0
CLM-001229,POL-005513,2025-12-30,2014.06,Paid,False,27.0
CLM-001230,POL-005513,2023-09-22,3721.07,Under Review,False,37.0
CLM-001231,POL-005515,2025-12-22,1238.66,Paid,False,86.0
CLM-001232,POL-005522,2024-05-12,1863.93,Under Review,False,20.0
CLM-001233,POL-005523,2024-12-25,1289.3,Paid,False,68.0
CLM-001234,POL-005529,2025-08-16,1158.91,Paid,False,50.0
CLM-001235,POL-005535,2025-06-07,6602.62,Paid,True,40.0
CLM-001236,POL-005535,2024-11-30,417.0,Paid,False,65.0
CLM-001237,POL-005543,2025-01-29,7519.39,Paid,False,3.0
CLM-001238,POL-005547,2025-07-17,5793.48,Paid,False,36.0
CLM-001239,POL-005552,2023-10-14,7328.46,Under Review,False,13.0
CLM-001240,POL-005556,2025-04-01,7389.66,Under Review,False,84.0
CLM-001241,POL-005561,2024-12-16,5898.49,Paid,False,51.0
CLM-001242,POL-005566,2024-09-26,7633.67,Paid,False,83.0
CLM-001243,POL-005570,2024-12-30,820.22,Paid,False,49.0
CLM-001244,POL-005576,2025-09-28,1696.93,Paid,False,86.0
CLM-001245,POL-005579,2025-02-21,1572.73,Paid,False,4.0
CLM-001246,POL-005580,2024-06-19,1031.15,Paid,False,43.0
CLM-001247,POL-005586,2025-04-17,5786.61,Paid,False,24.0
CLM-001248,POL-005594,2024-04-04,3254.88,Rejected,False,9.0
CLM-001249,POL-005595,2024-09-18,8306.18,Under Review,False,39.0
CLM-001250,POL-005616,2025-03-16,5649.33,Paid,False,19.0
CLM-001251,POL-005621,2024-09-03,2490.42,Under Review,False,
CLM-001252,POL-005635,2025-01-30,3731.64,Under Review,False,
CLM-001253,POL-005642,2025-12-12,4911.01,Paid,False,22.0
CLM-001254,POL-005643,2025-08-27,1158.1,Paid,False,28.0
CLM-001255,POL-005643,2022-12-13,1839.82,Paid,False,47.0
CLM-001256,POL-005648,2024-05-14,3047.06,Under Review,False,25.0
CLM-001257,POL-005656,2025-05-11,1466.74,Paid,False,55.0
CLM-001258,POL-005665,2025-11-28,1253.66,Paid,False,5.0
CLM-001259,POL-005669,2023-12-24,7900.32,Rejected,False,7.0
CLM-001260,POL-005682,2025-02-20,4399.94,Paid,False,77.0
CLM-001261,POL-005683,2025-09-20,1142.25,Rejected,False,
CLM-001262,POL-005686,2025-12-05,2967.78,Under Review,False,33.0
CLM-001263,POL-005699,2024-08-21,5563.21,Under Review,False,44.0
CLM-001264,POL-005705,2025-07-04,4333.26,Paid,True,14.0
CLM-001265,POL-005709,2024-03-26,3270.26,Paid,False,55.0
CLM-001266,POL-005709,2024-09-24,6418.62,Paid,False,53.0
CLM-001267,POL-005713,2025-08-25,6226.36,Paid,False,29.0
CLM-001268,POL-005727,2025-07-05,2243.77,Paid,False,71.0
CLM-001269,POL-005735,2024-06-06,6268.3,Paid,False,
CLM-001270,POL-005736,2023-12-29,12247.74,Paid,False,42.0
CLM-001271,POL-005746,2025-08-19,3416.67,Paid,False,65.0
CLM-001272,POL-005756,2025-01-26,7505.9,Paid,False,22.0
CLM-001273,POL-005758,2025-11-30,437.5,Under Review,True,41.0
CLM-001274,POL-005765,2024-12-20,6605.66,Paid,False,49.0
CLM-001275,POL-005765,2025-03-17,6317.06,Paid,False,90.0
CLM-001276,POL-005767,2024-10-22,7847.19,Paid,False,48.0
CLM-001277,POL-005767,2024-04-20,2948.18,Paid,False,74.0
CLM-001278,POL-005771,2025-10-02,5245.58,Paid,False,62.0
CLM-001279,POL-005778,2023-05-10,6325.29,Paid,False,5.0
CLM-001280,POL-005783,2025-07-22,7805.35,Paid,False,59.0
CLM-001281,POL-005788,2024-03-07,7618.18,Paid,False,26.0
CLM-001282,POL-005791,2025-06-14,3432.92,Rejected,False,
CLM-001283,POL-005795,2025-07-20,3216.24,Paid,True,
CLM-001284,POL-005795,2025-12-09,7310.45,Paid,False,8.0
CLM-001285,POL-005810,2025-10-18,3540.87,Rejected,False,86.0
CLM-001286,POL-005814,2025-11-26,3732.62,Rejected,False,57.0
CLM-001287,POL-005814,2025-08-14,2548.76,Paid,False,46.0
CLM-001288,POL-005814,2025-01-29,5395.18,Paid,False,
CLM-001289,POL-005821,2025-01-17,1546.33,Paid,False,60.0
CLM-001290,POL-005823,2024-01-23,13777.01,Paid,False,61.0
CLM-001291,POL-005825,2024-09-26,1577.99,Paid,False,21.0
CLM-001292,POL-005833,2024-12-06,3050.7,Paid,False,27.0
CLM-001293,POL-005833,2024-08-31,3409.34,Under Review,False,5.0
CLM-001294,POL-005834,2025-01-05,3398.53,Under Review,False,46.0
CLM-001295,POL-005837,2025-08-04,2058.83,Paid,False,52.0
CLM-001296,POL-005837,2024-07-20,3043.8,Paid,False,88.0
CLM-001297,POL-005847,2024-12-11,41087.8,Paid,False,25.0
CLM-001298,POL-005851,2024-03-03,4978.06,Paid,False,79.0
CLM-001299,POL-005852,2025-05-25,15915.82,Paid,False,7.0
CLM-001300,POL-005852,2024-10-19,1725.17,Paid,False,86.0
CLM-001301,POL-005868,2025-11-16,3751.1,Under Review,False,52.0
CLM-001302,POL-005870,2023-12-01,7347.93,Paid,False,18.0
CLM-001303,POL-005873,2025-11-17,2705.7,Paid,False,26.0
CLM-001304,POL-005875,2024-01-17,4606.49,Paid,False,26.0
CLM-001305,POL-005875,2025-05-14,4847.55,Paid,False,
CLM-001306,POL-005875,2022-09-12,826.05,Under Review,False,8.0
CLM-001307,POL-005876,2025-11-26,6926.11,Paid,False,75.0
CLM-001308,POL-005876,2025-12-10,2468.38,Paid,False,
CLM-001309,POL-005878,2025-11-01,152.89,Rejected,False,71.0
CLM-001310,POL-005883,2024-06-27,1203.27,Paid,False,83.0
CLM-001311,POL-005885,2022-04-09,1702.92,Paid,False,39.0
CLM-001312,POL-005885,2025-07-20,6701.43,Paid,False,63.0
CLM-001313,POL-005886,2024-11-26,2865.27,Under Review,False,4.0
CLM-001314,POL-005889,2024-08-04,836.37,Rejected,False,14.0
CLM-001315,POL-005890,2023-08-26,920.97,Paid,False,84.0
CLM-001316,POL-005890,2024-12-27,6289.5,Paid,False,46.0
CLM-001317,POL-005892,2024-04-20,1025.66,Paid,False,20.0
CLM-001318,POL-005895,2024-10-17,2977.86,Under Review,False,85.0
CLM-001319,POL-005901,2024-09-15,4393.96,Paid,False,15.0
CLM-001320,POL-005905,2025-08-27,1683.19,Paid,False,79.0
CLM-001321,POL-005905,2025-07-17,1378.74,Paid,False,
CLM-001322,POL-005911,2025-08-26,1235.81,Paid,False,5.0
CLM-001323,POL-005911,2024-11-21,2736.82,Rejected,False,
CLM-001324,POL-005911,2025-08-04,1162.37,Paid,False,78.0
CLM-001325,POL-005917,2025-11-10,3955.17,Paid,False,88.0
CLM-001326,POL-005917,2025-10-21,4278.29,Paid,False,79.0
CLM-001327,POL-005918,2025-05-09,1724.46,Paid,False,62.0
CLM-001328,POL-005923,2025-01-26,7774.97,Paid,False,70.0
CLM-001329,POL-005923,2025-05-10,1532.57,Rejected,False,18.0
CLM-001330,POL-005926,2025-07-16,292.58,Paid,True,
CLM-001331,POL-005926,2025-12-27,3453.18,Paid,True,54.0
CLM-001332,POL-005927,2023-01-17,12711.2,Paid,False,60.0
CLM-001333,POL-005928,2025-09-21,17288.28,Paid,False,27.0
CLM-001334,POL-005928,2025-12-23,17008.53,Rejected,False,20.0
CLM-001335,POL-005943,2025-09-23,6352.79,Paid,False,
CLM-001336,POL-005947,2024-06-22,2319.89,Paid,False,25.0
CLM-001337,POL-005958,2025-10-12,11567.53,Paid,False,12.0
CLM-001338,POL-005960,2025-02-13,4300.61,Paid,False,13.0
CLM-001339,POL-005961,2025-08-27,3986.73,Paid,False,
CLM-001340,POL-005962,2024-07-12,1996.76,Paid,False,19.0
CLM-001341,POL-005967,2025-08-17,13440.54,Under Review,False,14.0
CLM-001342,POL-005974,2025-06-11,5012.11,Paid,False,82.0
CLM-001343,POL-005985,2025-09-22,6049.85,Paid,False,30.0
CLM-001344,POL-005989,2023-07-19,1120.01,Under Review,False,70.0
CLM-001345,POL-006012,2025-07-22,4309.74,Paid,False,
CLM-001346,POL-006014,2025-05-12,2709.86,Paid,False,9.0
CLM-001347,POL-006014,2025-04-27,3158.08,Paid,False,34.0
CLM-001348,POL-006023,2025-05-24,2593.79,Paid,False,78.0
CLM-001349,POL-006024,2025-03-07,2586.81,Under Review,False,15.0
CLM-001350,POL-006030,2025-02-11,4081.66,Paid,False,4.0
CLM-001351,POL-006030,2023-09-03,3409.89,Paid,False,15.0
CLM-001352,POL-006047,2025-01-03,5832.67,Paid,False,6.0
CLM-001353,POL-006068,2025-12-12,7703.55,Under Review,False,20.0
CLM-001354,POL-006069,2024-05-26,15622.17,Paid,False,73.0
CLM-001355,POL-006075,2024-05-10,14531.84,Paid,False,53.0
CLM-001356,POL-006075,2025-07-20,2143.05,Paid,False,15.0
CLM-001357,POL-006088,2025-04-30,2311.41,Paid,False,80.0
CLM-001358,POL-006090,2025-12-30,5319.54,Paid,False,18.0
CLM-001359,POL-006090,2024-09-19,626.36,Paid,False,
CLM-001360,POL-006095,2023-10-30,7438.06,Rejected,False,46.0
CLM-001361,POL-006096,2025-01-04,3771.08,Paid,False,
CLM-001362,POL-006096,2024-04-15,2785.61,Under Review,False,85.0
CLM-001363,POL-006109,2025-07-13,3263.54,Paid,False,62.0
CLM-001364,POL-006109,2023-12-25,3184.28,Paid,False,56.0
CLM-001365,POL-006114,2025-06-03,12153.24,Paid,True,27.0
CLM-001366,POL-006114,2023-11-05,15865.77,Paid,False,54.0
CLM-001367,POL-006114,2025-02-15,17597.78,Paid,False,55.0
CLM-001368,POL-006119,2025-06-04,5125.54,Paid,False,31.0
CLM-001369,POL-006123,2024-02-08,2317.54,Paid,False,
CLM-001370,POL-006123,2025-03-26,2124.71,Paid,False,5.0
CLM-001371,POL-006124,2025-12-07,7500.12,Paid,False,
CLM-001372,POL-006131,2025-11-08,7413.88,Paid,False,
CLM-001373,POL-006135,2025-01-10,6105.32,Paid,False,14.0
CLM-001374,POL-006136,2024-12-02,7979.5,Paid,False,59.0
CLM-001375,POL-006136,2024-02-09,1706.97,Paid,False,62.0
CLM-001376,POL-006146,2025-08-23,9738.94,Paid,False,3.0
CLM-001377,POL-006146,2025-05-01,6430.55,Paid,False,79.0
CLM-001378,POL-006146,2025-11-16,8135.19,Paid,False,16.0
CLM-001379,POL-006159,2025-12-09,4389.58,Paid,False,18.0
CLM-001380,POL-006159,2025-12-28,3117.33,Paid,False,63.0
CLM-001381,POL-006176,2025-06-26,4451.97,Paid,False,23.0
CLM-001382,POL-006177,2025-08-14,3077.9,Under Review,False,90.0
CLM-001383,POL-006178,2025-05-06,5451.32,Paid,False,36.0
CLM-001384,POL-006184,2023-01-15,4145.69,Under Review,False,87.0
CLM-001385,POL-006198,2025-10-31,3207.91,Paid,False,86.0
CLM-001386,POL-006207,2023-11-23,2657.86,Paid,False,10.0
CLM-001387,POL-006208,2025-12-10,3661.13,Under Review,False,86.0
CLM-001388,POL-006229,2024-11-27,525.08,Paid,False,27.0
CLM-001389,POL-006232,2022-10-24,1252.27,Paid,False,
CLM-001390,POL-006248,2025-09-21,650.91,Paid,False,
CLM-001391,POL-006254,2024-11-26,1324.28,Rejected,False,74.0
CLM-001392,POL-006256,2025-09-09,5010.1,Rejected,False,22.0
CLM-001393,POL-006256,2025-12-31,3506.95,Paid,False,47.0
CLM-001394,POL-006256,2025-03-24,2746.01,Paid,False,64.0
CLM-001395,POL-006258,2023-07-02,5296.31,Paid,False,
CLM-001396,POL-006259,2023-12-13,2886.87,Rejected,False,
CLM-001397,POL-006273,2025-05-31,3851.14,Paid,False,
CLM-001398,POL-006277,2025-08-15,5922.88,Paid,False,83.0
CLM-001399,POL-006279,2022-11-27,3640.22,Paid,False,15.0
CLM-001400,POL-006279,2025-03-25,5541.39,Under Review,False,84.0
CLM-001401,POL-006282,2025-10-22,2362.66,Paid,False,14.0
CLM-001402,POL-006282,2025-08-15,2645.17,Paid,False,5.0
CLM-001403,POL-006285,2025-01-07,3879.62,Paid,False,70.0
CLM-001404,POL-006294,2025-02-11,2202.42,Paid,False,50.0
CLM-001405,POL-006296,2023-11-13,3041.03,Rejected,False,33.0
CLM-001406,POL-006296,2024-08-26,504.35,Paid,False,48.0
CLM-001407,POL-006304,2025-03-06,2702.43,Paid,False,20.0
CLM-001408,POL-006304,2025-10-30,695.8,Paid,False,85.0
CLM-001409,POL-006333,2024-05-23,15608.39,Paid,False,24.0
CLM-001410,POL-006334,2025-09-27,5929.86,Paid,True,
CLM-001411,POL-006341,2025-09-18,1495.98,Paid,False,48.0
CLM-001412,POL-006346,2025-08-08,4613.09,Rejected,False,32.0
CLM-001413,POL-006346,2024-12-12,2731.66,Paid,False,31.0
CLM-001414,POL-006346,2025-01-30,7830.59,Rejected,False,48.0
CLM-001415,POL-006371,2024-10-28,3615.28,Paid,False,59.0
CLM-001416,POL-006374,2023-12-10,923.06,Under Review,False,87.0
CLM-001417,POL-006374,2024-03-16,15506.9,Under Review,False,25.0
CLM-001418,POL-006388,2025-02-08,2813.04,Paid,False,48.0
CLM-001419,POL-006390,2025-01-30,937.51,Paid,False,24.0
CLM-001420,POL-006393,2025-11-27,1286.92,Paid,False,17.0
CLM-001421,POL-006409,2022-12-14,1387.54,Paid,False,73.0
CLM-001422,POL-006410,2023-11-10,7055.48,Paid,False,49.0
CLM-001423,POL-006414,2025-01-09,6050.17,Under Review,False,40.0
CLM-001424,POL-006419,2025-02-24,6597.69,Paid,False,29.0
CLM-001425,POL-006423,2025-11-29,6736.27,Paid,False,86.0
CLM-001426,POL-006423,2025-04-01,7321.67,Paid,False,85.0
CLM-001427,POL-006425,2024-08-19,430.18,Paid,False,86.0
CLM-001428,POL-006430,2023-09-27,491.6,Rejected,False,
CLM-001429,POL-006434,2025-03-16,4858.09,Paid,False,89.0
CLM-001430,POL-006434,2025-10-21,2600.83,Under Review,False,62.0
CLM-001431,POL-006434,2025-06-29,5348.33,Under Review,False,71.0
CLM-001432,POL-006436,2024-12-19,7459.19,Paid,False,3.0
CLM-001433,POL-006436,2025-01-02,685.66,Paid,False,89.0
CLM-001434,POL-006438,2023-07-31,7303.53,Paid,False,43.0
CLM-001435,POL-006438,2022-12-02,1074.03,Rejected,False,3.0
CLM-001436,POL-006458,2024-06-03,2164.47,Paid,False,43.0
CLM-001437,POL-006458,2025-07-16,467.02,Rejected,False,13.0
CLM-001438,POL-006458,2024-09-07,2728.1,Paid,False,50.0
CLM-001439,POL-006469,2025-08-05,4668.11,Paid,False,24.0
CLM-001440,POL-006474,2025-05-07,585.01,Paid,False,84.0
CLM-001441,POL-006480,2025-06-23,4584.81,Under Review,False,
CLM-001442,POL-006480,2025-12-08,7107.39,Paid,False,7.0
CLM-001443,POL-006501,2024-10-01,3441.66,Paid,False,48.0
CLM-001444,POL-006504,2025-07-14,3144.19,Paid,False,
CLM-001445,POL-006507,2025-08-03,429.84,Rejected,False,19.0
CLM-001446,POL-006507,2025-11-06,4144.51,Paid,False,
CLM-001447,POL-006508,2025-02-28,3707.08,Paid,False,18.0
CLM-001448,POL-006511,2025-10-15,2433.29,Paid,False,27.0
CLM-001449,POL-006517,2025-06-15,987.64,Paid,False,77.0
CLM-001450,POL-006520,2024-09-16,6695.28,Paid,False,24.0
CLM-001451,POL-006524,2025-01-24,1941.79,Paid,True,11.0
CLM-001452,POL-006528,2025-06-03,1851.7,Rejected,False,16.0
CLM-001453,POL-006542,2025-06-22,17508.94,Paid,False,49.0
CLM-001454,POL-006542,2025-04-21,8459.44,Paid,False,89.0
CLM-001455,POL-006543,2025-08-26,6147.85,Paid,False,57.0
CLM-001456,POL-006544,2025-01-30,2154.59,Paid,False,43.0
CLM-001457,POL-006545,2023-11-06,4607.91,Paid,False,24.0
CLM-001458,POL-006545,2024-12-02,609.46,Paid,False,54.0
CLM-001459,POL-006552,2024-10-24,1715.48,Paid,False,28.0
CLM-001460,POL-006552,2023-11-02,2724.68,Under Review,False,
CLM-001461,POL-006552,2023-10-22,1707.94,Paid,False,52.0
CLM-001462,POL-006568,2024-06-24,3080.09,Paid,False,18.0
CLM-001463,POL-006568,2024-03-03,2398.97,Paid,False,17.0
CLM-001464,POL-006572,2025-08-10,4240.99,Rejected,False,41.0
CLM-001465,POL-006572,2025-08-11,7168.75,Rejected,False,61.0
CLM-001466,POL-006574,2023-08-17,3714.33,Paid,False,24.0
CLM-001467,POL-006578,2024-10-07,2116.17,Paid,False,4.0
CLM-001468,POL-006583,2025-05-10,7991.84,Under Review,False,9.0
CLM-001469,POL-006584,2025-12-14,1788.54,Paid,False,79.0
CLM-001470,POL-006592,2023-09-20,3079.33,Paid,False,65.0
CLM-001471,POL-006594,2025-06-22,2898.75,Paid,False,51.0
CLM-001472,POL-006596,2024-09-01,700.76,Under Review,False,55.0
CLM-001473,POL-006603,2024-07-11,8223.07,Under Review,False,9.0
CLM-001474,POL-006605,2025-02-13,1419.4,Paid,False,73.0
CLM-001475,POL-006618,2025-09-28,7139.52,Paid,False,
CLM-001476,POL-006630,2025-02-07,2504.19,Paid,False,32.0
CLM-001477,POL-006636,2025-01-22,9611.6,Paid,False,57.0
CLM-001478,POL-006643,2024-12-04,4531.76,Under Review,False,16.0
CLM-001479,POL-006643,2025-03-02,3047.5,Paid,False,4.0
CLM-001480,POL-006663,2023-01-08,4543.01,Paid,False,87.0
CLM-001481,POL-006669,2025-03-05,952.11,Paid,False,66.0
CLM-001482,POL-006672,2024-10-12,4905.36,Paid,False,38.0
CLM-001483,POL-006676,2025-06-25,17628.8,Paid,False,21.0
CLM-001484,POL-006676,2024-10-03,8793.45,Paid,False,5.0
CLM-001485,POL-006677,2025-11-02,4076.69,Rejected,False,25.0
CLM-001486,POL-006683,2025-02-16,11989.72,Under Review,False,39.0
CLM-001487,POL-006688,2025-02-14,4476.6,Paid,False,33.0
CLM-001488,POL-006691,2025-03-12,696.82,Paid,False,85.0
CLM-001489,POL-006693,2023-10-11,7914.79,Paid,False,54.0
CLM-001490,POL-006693,2025-01-31,7140.92,Paid,False,23.0
CLM-001491,POL-006695,2025-10-14,3671.21,Paid,False,87.0
CLM-001492,POL-006695,2025-12-07,5395.71,Under Review,False,3.0
CLM-001493,POL-006696,2025-02-08,545.32,Rejected,False,
CLM-001494,POL-006698,2024-09-04,3806.16,Paid,False,53.0
CLM-001495,POL-006698,2024-05-24,2272.7,Rejected,False,67.0
CLM-001496,POL-006708,2023-12-01,4869.83,Paid,False,84.0
CLM-001497,POL-006708,2024-10-30,5658.37,Paid,False,30.0
CLM-001498,POL-006712,2025-05-15,1979.92,Paid,False,59.0
CLM-001499,POL-006726,2025-04-24,11955.43,Under Review,False,14.0
CLM-001500,POL-006726,2024-11-07,6271.73,Paid,False,24.0
CLM-001501,POL-006727,2025-10-16,6560.44,Under Review,False,68.0
CLM-001502,POL-006733,2025-09-09,3829.67,Paid,False,56.0
CLM-001503,POL-006736,2025-10-21,892.44,Paid,False,51.0
CLM-001504,POL-006741,2025-09-15,1868.41,Paid,False,10.0
CLM-001505,POL-006741,2024-09-27,1385.08,Paid,False,17.0
CLM-001506,POL-006744,2024-08-08,7330.47,Paid,False,17.0
CLM-001507,POL-006747,2025-04-01,2035.33,Paid,False,20.0
CLM-001508,POL-006747,2025-02-22,3228.93,Paid,False,3.0
CLM-001509,POL-006760,2025-12-19,832.58,Paid,False,37.0
CLM-001510,POL-006760,2024-11-04,286.74,Paid,False,
CLM-001511,POL-006764,2024-12-03,3640.44,Paid,False,35.0
CLM-001512,POL-006767,2025-12-03,4350.51,Under Review,False,54.0
CLM-001513,POL-006767,2025-07-13,3241.45,Rejected,False,43.0
CLM-001514,POL-006768,2025-12-22,3762.9,Under Review,False,58.0
CLM-001515,POL-006782,2025-07-02,797.84,Paid,False,81.0
CLM-001516,POL-006783,2025-01-11,3564.77,Paid,False,45.0
CLM-001517,POL-006787,2023-10-19,4340.34,Paid,False,60.0
CLM-001518,POL-006806,2025-08-30,913.82,Paid,False,84.0
CLM-001519,POL-006806,2024-01-14,5074.89,Rejected,False,21.0
CLM-001520,POL-006809,2023-11-29,7737.42,Paid,False,81.0
CLM-001521,POL-006809,2023-01-18,11787.31,Rejected,False,83.0
CLM-001522,POL-006818,2024-06-03,41383.57,Paid,True,58.0
CLM-001523,POL-006824,2025-07-22,7667.2,Paid,True,
CLM-001524,POL-006827,2024-02-29,1890.11,Under Review,False,
CLM-001525,POL-006829,2025-03-21,6795.19,Paid,False,
CLM-001526,POL-006833,2025-12-17,3234.99,Under Review,False,70.0
CLM-001527,POL-006833,2025-04-17,1864.16,Under Review,False,67.0
CLM-001528,POL-006833,2025-06-07,2972.77,Paid,False,
CLM-001529,POL-006834,2025-12-06,16340.73,Paid,False,48.0
CLM-001530,POL-006844,2024-09-03,7393.02,Paid,False,28.0
CLM-001531,POL-006847,2024-06-02,5693.86,Under Review,False,35.0
CLM-001532,POL-006855,2024-08-11,979.91,Paid,False,6.0
CLM-001533,POL-006857,2023-10-08,2648.73,Under Review,False,11.0
CLM-001534,POL-006857,2024-09-07,2296.86,Rejected,False,61.0
CLM-001535,POL-006861,2023-07-17,7610.95,Paid,False,7.0
CLM-001536,POL-006869,2024-11-28,17254.42,Under Review,False,33.0
CLM-001537,POL-006869,2025-04-10,17187.37,Paid,False,13.0
CLM-001538,POL-006875,2023-08-11,8625.45,Paid,False,16.0
CLM-001539,POL-006884,2022-12-26,1569.7,Paid,False,28.0
CLM-001540,POL-006884,2024-08-14,627.59,Paid,False,13.0
CLM-001541,POL-006884,2025-01-03,3498.37,Paid,False,43.0
CLM-001542,POL-006886,2025-09-25,7065.98,Under Review,False,
CLM-001543,POL-006888,2025-07-26,3332.56,Paid,False,5.0
CLM-001544,POL-006889,2025-05-12,6946.11,Rejected,False,20.0
CLM-001545,POL-006889,2024-06-04,4607.98,Rejected,False,41.0
CLM-001546,POL-006900,2025-03-28,4187.25,Paid,False,82.0
CLM-001547,POL-006918,2025-03-21,3226.88,Paid,False,30.0
CLM-001548,POL-006918,2024-09-15,4408.01,Paid,False,11.0
CLM-001549,POL-006940,2025-12-03,5401.34,Paid,False,90.0
CLM-001550,POL-006947,2025-07-19,2881.64,Paid,False,48.0
CLM-001551,POL-006959,2023-09-08,6943.85,Paid,False,
CLM-001552,POL-006961,2023-03-24,3035.06,Paid,False,71.0
CLM-001553,POL-006964,2025-04-14,1194.38,Paid,False,42.0
CLM-001554,POL-006969,2025-01-20,7828.68,Paid,False,58.0
CLM-001555,POL-006981,2025-06-26,2930.0,Paid,False,78.0
CLM-001556,POL-006983,2024-03-18,6123.07,Paid,False,10.0
CLM-001557,POL-006985,2025-12-28,499.12,Paid,False,53.0
CLM-001558,POL-006990,2023-10-18,6776.33,Paid,True,86.0
CLM-001559,POL-006990,2024-03-14,6988.59,Rejected,False,3.0
CLM-001560,POL-006999,2024-12-18,2134.39,Paid,False,72.0
CLM-001561,POL-006999,2024-11-13,3203.39,Paid,False,22.0
CLM-001562,POL-006999,2024-06-20,3071.91,Paid,False,
